# Blender v2.79 (sub 0) OBJ File: 'LowpolyF1-06.blend'
# www.blender.org
mtllib LowpolyF1.mtl
o Cube
v 1.242420 0.196186 2.379801
v 1.242420 0.471341 2.104646
v 1.242420 0.471340 2.654956
v 1.242420 0.746495 2.379802
v 1.242420 0.665904 2.574365
v 1.242420 0.665904 2.185237
v 1.242420 0.276777 2.574365
v 1.242420 0.276777 2.185237
v 1.242420 0.217130 2.274504
v 1.242420 0.366043 2.125591
v 1.242420 0.366043 2.634011
v 1.242420 0.725551 2.274504
v 1.242420 0.725551 2.485099
v 1.242420 0.576638 2.634011
v 1.242420 0.576638 2.125591
v 1.242420 0.217130 2.485098
v 1.257951 0.532678 2.405208
v 1.257951 0.518286 2.426747
v 1.257951 0.496747 2.441138
v 1.257951 0.471341 2.446192
v 1.257951 0.445934 2.441138
v 1.257951 0.424395 2.426747
v 1.257951 0.410004 2.405208
v 1.257951 0.404950 2.379801
v 1.257951 0.410004 2.354395
v 1.257951 0.424395 2.332856
v 1.257951 0.445934 2.318465
v 1.257951 0.471341 2.313411
v 1.257951 0.496747 2.318465
v 1.257951 0.518286 2.332856
v 1.257951 0.532678 2.354395
v 1.257951 0.537731 2.379801
v 0.901559 0.196186 2.379801
v 0.901560 0.471341 2.104646
v 0.901559 0.471340 2.654956
v 0.901559 0.746495 2.379802
v 0.901559 0.665904 2.574365
v 0.901560 0.665904 2.185237
v 0.901559 0.276777 2.574365
v 0.901560 0.276777 2.185237
v 0.901560 0.217130 2.274504
v 0.901560 0.366043 2.125591
v 0.901559 0.366043 2.634011
v 0.901559 0.725551 2.274504
v 0.901559 0.725551 2.485099
v 0.901559 0.576638 2.634011
v 0.901560 0.576638 2.125591
v 0.901559 0.217130 2.485098
v 1.242420 0.177369 2.258034
v 1.242420 0.153148 2.379801
v 1.242420 0.349573 2.085829
v 1.242420 0.471341 2.061609
v 1.242420 0.349573 2.673773
v 1.242420 0.471340 2.697994
v 1.242420 0.765312 2.258034
v 1.242420 0.789533 2.379802
v 1.242420 0.765312 2.501569
v 1.242420 0.696337 2.604798
v 1.242420 0.593108 2.673773
v 1.242420 0.593108 2.085829
v 1.242420 0.696337 2.154805
v 1.242420 0.177369 2.501568
v 1.242420 0.246344 2.604798
v 1.242420 0.246344 2.154805
v 0.901560 0.177369 2.258034
v 0.901559 0.153148 2.379801
v 0.901560 0.349573 2.085829
v 0.901560 0.471341 2.061609
v 0.901559 0.349573 2.673773
v 0.901559 0.471340 2.697994
v 0.901559 0.765312 2.258034
v 0.901559 0.789533 2.379802
v 0.901559 0.765312 2.501569
v 0.901559 0.696337 2.604798
v 0.901559 0.593108 2.673773
v 0.901560 0.593108 2.085829
v 0.901560 0.696337 2.154805
v 0.901559 0.177369 2.501568
v 0.901559 0.246344 2.604798
v 0.901560 0.246344 2.154805
v 1.276555 0.150861 2.247054
v 1.276554 0.124456 2.379801
v 1.276555 0.338593 2.059321
v 1.276555 0.471341 2.032917
v 1.276554 0.338593 2.700281
v 1.276554 0.471340 2.726686
v 1.276554 0.791820 2.247054
v 1.276554 0.818225 2.379802
v 1.276554 0.791820 2.512549
v 1.276554 0.716625 2.625086
v 1.276554 0.604087 2.700281
v 1.276555 0.604088 2.059322
v 1.276555 0.716625 2.134517
v 1.276554 0.150861 2.512548
v 1.276554 0.226056 2.625086
v 1.276555 0.226056 2.134517
v 0.870686 0.150861 2.247054
v 0.870686 0.124456 2.379801
v 0.870686 0.338593 2.059321
v 0.870686 0.471341 2.032917
v 0.870686 0.338593 2.700281
v 0.870686 0.471340 2.726686
v 0.870686 0.791820 2.247054
v 0.870686 0.818225 2.379802
v 0.870686 0.791820 2.512549
v 0.870686 0.716625 2.625086
v 0.870686 0.604087 2.700281
v 0.870686 0.604088 2.059322
v 0.870686 0.716625 2.134517
v 0.870686 0.150861 2.512548
v 0.870686 0.226056 2.625086
v 0.870686 0.226056 2.134517
v 1.276555 0.044829 2.203135
v 1.276554 0.009688 2.379801
v 1.276555 0.294674 1.953290
v 1.276555 0.471341 1.918149
v 1.276554 0.294674 2.806313
v 1.276554 0.471340 2.841454
v 1.276554 0.897852 2.203135
v 1.276554 0.932993 2.379802
v 1.276554 0.897852 2.556468
v 1.276554 0.797778 2.706239
v 1.276554 0.648007 2.806313
v 1.276555 0.648007 1.953290
v 1.276555 0.797778 2.053364
v 1.276554 0.044829 2.556468
v 1.276554 0.144902 2.706239
v 1.276555 0.144903 2.053364
v 0.870686 0.044829 2.203135
v 0.870686 0.009688 2.379801
v 0.870686 0.294674 1.953290
v 0.870686 0.471341 1.918149
v 0.870686 0.294674 2.806313
v 0.870686 0.471340 2.841454
v 0.870686 0.897852 2.203135
v 0.870686 0.932993 2.379802
v 0.870686 0.897852 2.556468
v 0.870686 0.797778 2.706239
v 0.870686 0.648007 2.806313
v 0.870686 0.648007 1.953290
v 0.870686 0.797778 2.053364
v 0.870686 0.044829 2.556468
v 0.870686 0.144902 2.706239
v 0.870686 0.144903 2.053364
v 0.901559 0.471340 2.379801
v 1.182224 0.217130 2.274504
v 1.182224 0.196186 2.379801
v 1.182224 0.366043 2.634011
v 1.182224 0.471340 2.654956
v 1.182224 0.576638 2.634011
v 1.182224 0.665904 2.574365
v 1.182224 0.217130 2.485098
v 1.182224 0.276777 2.574365
v 1.182224 0.276777 2.185237
v 1.182224 0.366043 2.125591
v 1.182224 0.665904 2.185237
v 1.182224 0.725551 2.274504
v 1.182224 0.746495 2.379802
v 1.182224 0.725551 2.485099
v 1.182224 0.471341 2.104646
v 1.182224 0.576638 2.125591
v 1.182224 0.556192 2.379801
v 1.182224 0.549733 2.412272
v 1.182224 0.531340 2.439801
v 1.182224 0.503812 2.458194
v 1.182224 0.471341 2.464653
v 1.182224 0.438869 2.458194
v 1.182224 0.411342 2.439800
v 1.182224 0.392948 2.412272
v 1.182224 0.386489 2.379801
v 1.182224 0.392948 2.347330
v 1.182224 0.411342 2.319802
v 1.182224 0.438870 2.301409
v 1.182224 0.471341 2.294950
v 1.182224 0.503812 2.301409
v 1.182224 0.531340 2.319802
v 1.182224 0.549733 2.347330
v 1.242420 0.556192 2.379801
v 1.242420 0.549733 2.412273
v 1.242420 0.531340 2.439801
v 1.242420 0.503812 2.458194
v 1.242420 0.471341 2.464653
v 1.242420 0.438869 2.458194
v 1.242420 0.411342 2.439800
v 1.242420 0.392948 2.412272
v 1.242420 0.386489 2.379801
v 1.242420 0.392948 2.347330
v 1.242420 0.411342 2.319802
v 1.242420 0.438870 2.301409
v 1.242420 0.471341 2.294950
v 1.242420 0.503812 2.301409
v 1.242420 0.531340 2.319802
v 1.242420 0.549733 2.347330
v -1.242445 0.196186 2.379801
v -1.242445 0.471341 2.104646
v -1.242445 0.471340 2.654956
v -1.242445 0.746495 2.379802
v -1.242445 0.665904 2.574365
v -1.242445 0.665904 2.185237
v -1.242445 0.276777 2.574365
v -1.242445 0.276777 2.185237
v -1.242445 0.217130 2.274504
v -1.242445 0.366043 2.125591
v -1.242445 0.366043 2.634011
v -1.242445 0.725551 2.274504
v -1.242445 0.725551 2.485099
v -1.242445 0.576638 2.634011
v -1.242445 0.576638 2.125591
v -1.242445 0.217130 2.485098
v -1.257976 0.532678 2.405208
v -1.257976 0.518286 2.426747
v -1.257976 0.496747 2.441138
v -1.257976 0.471341 2.446192
v -1.257976 0.445934 2.441138
v -1.257976 0.424395 2.426747
v -1.257976 0.410004 2.405208
v -1.257976 0.404950 2.379801
v -1.257976 0.410004 2.354395
v -1.257976 0.424395 2.332856
v -1.257976 0.445934 2.318465
v -1.257976 0.471341 2.313411
v -1.257976 0.496747 2.318465
v -1.257976 0.518286 2.332856
v -1.257976 0.532678 2.354395
v -1.257976 0.537731 2.379801
v -0.901584 0.196186 2.379801
v -0.901584 0.471341 2.104646
v -0.901584 0.471340 2.654956
v -0.901584 0.746495 2.379802
v -0.901584 0.665904 2.574365
v -0.901584 0.665904 2.185237
v -0.901584 0.276777 2.574365
v -0.901584 0.276777 2.185237
v -0.901584 0.217130 2.274504
v -0.901584 0.366043 2.125591
v -0.901584 0.366043 2.634011
v -0.901584 0.725551 2.274504
v -0.901584 0.725551 2.485099
v -0.901584 0.576638 2.634011
v -0.901584 0.576638 2.125591
v -0.901584 0.217130 2.485098
v -1.242445 0.177369 2.258034
v -1.242445 0.153148 2.379801
v -1.242445 0.349573 2.085829
v -1.242445 0.471341 2.061609
v -1.242445 0.349573 2.673773
v -1.242445 0.471340 2.697994
v -1.242445 0.765312 2.258034
v -1.242445 0.789533 2.379802
v -1.242445 0.765312 2.501569
v -1.242445 0.696337 2.604798
v -1.242445 0.593108 2.673773
v -1.242445 0.593108 2.085829
v -1.242445 0.696337 2.154805
v -1.242445 0.177369 2.501568
v -1.242445 0.246344 2.604798
v -1.242445 0.246344 2.154805
v -0.901584 0.177369 2.258034
v -0.901584 0.153148 2.379801
v -0.901584 0.349573 2.085829
v -0.901584 0.471341 2.061609
v -0.901584 0.349573 2.673773
v -0.901584 0.471340 2.697994
v -0.901584 0.765312 2.258034
v -0.901584 0.789533 2.379802
v -0.901584 0.765312 2.501569
v -0.901584 0.696337 2.604798
v -0.901584 0.593108 2.673773
v -0.901584 0.593108 2.085829
v -0.901584 0.696337 2.154805
v -0.901584 0.177369 2.501568
v -0.901584 0.246344 2.604798
v -0.901584 0.246344 2.154805
v -1.276579 0.150861 2.247054
v -1.276579 0.124456 2.379801
v -1.276579 0.338593 2.059321
v -1.276579 0.471341 2.032917
v -1.276579 0.338593 2.700281
v -1.276579 0.471340 2.726686
v -1.276579 0.791820 2.247054
v -1.276579 0.818225 2.379802
v -1.276579 0.791820 2.512549
v -1.276579 0.716625 2.625086
v -1.276579 0.604087 2.700281
v -1.276579 0.604088 2.059322
v -1.276579 0.716625 2.134517
v -1.276579 0.150861 2.512548
v -1.276579 0.226056 2.625086
v -1.276579 0.226056 2.134517
v -0.870711 0.150861 2.247054
v -0.870711 0.124456 2.379801
v -0.870711 0.338593 2.059321
v -0.870711 0.471341 2.032917
v -0.870711 0.338593 2.700281
v -0.870711 0.471340 2.726686
v -0.870711 0.791820 2.247054
v -0.870711 0.818225 2.379802
v -0.870711 0.791820 2.512549
v -0.870711 0.716625 2.625086
v -0.870711 0.604087 2.700281
v -0.870711 0.604088 2.059322
v -0.870711 0.716625 2.134517
v -0.870711 0.150861 2.512548
v -0.870711 0.226056 2.625086
v -0.870711 0.226056 2.134517
v -1.276579 0.044829 2.203135
v -1.276579 0.009688 2.379801
v -1.276579 0.294674 1.953290
v -1.276579 0.471341 1.918149
v -1.276579 0.294674 2.806313
v -1.276579 0.471340 2.841454
v -1.276579 0.897852 2.203135
v -1.276579 0.932993 2.379802
v -1.276579 0.897852 2.556468
v -1.276579 0.797778 2.706239
v -1.276579 0.648007 2.806313
v -1.276579 0.648007 1.953290
v -1.276579 0.797778 2.053364
v -1.276579 0.044829 2.556468
v -1.276579 0.144902 2.706239
v -1.276579 0.144903 2.053364
v -0.870711 0.044829 2.203135
v -0.870711 0.009688 2.379801
v -0.870711 0.294674 1.953290
v -0.870711 0.471341 1.918149
v -0.870711 0.294674 2.806313
v -0.870711 0.471340 2.841454
v -0.870711 0.897852 2.203135
v -0.870711 0.932993 2.379802
v -0.870711 0.897852 2.556468
v -0.870711 0.797778 2.706239
v -0.870711 0.648007 2.806313
v -0.870711 0.648007 1.953290
v -0.870711 0.797778 2.053364
v -0.870711 0.044829 2.556468
v -0.870711 0.144902 2.706239
v -0.870711 0.144903 2.053364
v -0.901584 0.471340 2.379801
v -1.182249 0.217130 2.274504
v -1.182249 0.196186 2.379801
v -1.182249 0.366043 2.634011
v -1.182249 0.471340 2.654956
v -1.182249 0.576638 2.634011
v -1.182249 0.665904 2.574365
v -1.182249 0.217130 2.485098
v -1.182249 0.276777 2.574365
v -1.182249 0.276777 2.185237
v -1.182249 0.366043 2.125591
v -1.182249 0.665904 2.185237
v -1.182249 0.725551 2.274504
v -1.182249 0.746495 2.379802
v -1.182249 0.725551 2.485099
v -1.182249 0.471341 2.104646
v -1.182249 0.576638 2.125591
v -1.182249 0.556192 2.379801
v -1.182249 0.549733 2.412272
v -1.182249 0.531340 2.439801
v -1.182249 0.503812 2.458194
v -1.182249 0.471341 2.464653
v -1.182249 0.438869 2.458194
v -1.182249 0.411342 2.439800
v -1.182249 0.392948 2.412272
v -1.182249 0.386489 2.379801
v -1.182249 0.392948 2.347330
v -1.182249 0.411342 2.319802
v -1.182249 0.438870 2.301409
v -1.182249 0.471341 2.294950
v -1.182249 0.503812 2.301409
v -1.182249 0.531340 2.319802
v -1.182249 0.549733 2.347330
v -1.242445 0.556192 2.379801
v -1.242445 0.549733 2.412273
v -1.242445 0.531340 2.439801
v -1.242445 0.503812 2.458194
v -1.242445 0.471341 2.464653
v -1.242445 0.438869 2.458194
v -1.242445 0.411342 2.439800
v -1.242445 0.392948 2.412272
v -1.242445 0.386489 2.379801
v -1.242445 0.392948 2.347330
v -1.242445 0.411342 2.319802
v -1.242445 0.438870 2.301409
v -1.242445 0.471341 2.294950
v -1.242445 0.503812 2.301409
v -1.242445 0.531340 2.319802
v -1.242445 0.549733 2.347330
v 1.329399 0.435128 -1.621784
v 1.329399 0.455545 -1.591227
v 1.329399 0.486103 -1.570809
v 1.329399 0.522147 -1.563639
v 1.329399 0.558192 -1.570809
v 1.329399 0.588749 -1.591227
v 1.329399 0.609168 -1.621784
v 1.329399 0.616337 -1.657829
v 1.255119 0.609168 -1.693874
v 1.255119 0.588749 -1.724431
v 1.255119 0.558192 -1.744848
v 1.255119 0.522147 -1.752018
v 1.255119 0.486103 -1.744848
v 1.255119 0.455545 -1.724431
v 1.255119 0.435128 -1.693874
v 1.255119 0.427958 -1.657829
v 1.255119 0.435128 -1.621784
v 1.255119 0.455545 -1.591227
v 1.255119 0.486103 -1.570809
v 1.255119 0.522147 -1.563639
v 1.255119 0.558192 -1.570809
v 1.255119 0.588749 -1.591227
v 1.255119 0.609168 -1.621784
v 1.255119 0.616337 -1.657829
v 1.255119 0.639033 -1.940015
v 1.255119 0.522147 -1.963266
v 1.255119 0.804334 -1.540943
v 1.255119 0.827584 -1.657829
v 1.255119 0.804334 -1.774714
v 1.255119 0.738124 -1.873806
v 1.255119 0.405262 -1.940016
v 1.255119 0.306171 -1.873806
v 1.255119 0.306171 -1.441852
v 1.255119 0.239960 -1.540944
v 1.255119 0.738124 -1.441852
v 1.255119 0.639033 -1.375642
v 1.255119 0.522147 -1.352392
v 1.255119 0.405262 -1.375642
v 1.255119 0.216710 -1.657829
v 1.255119 0.239960 -1.774714
v 0.908783 0.522147 -1.657829
v 0.870686 0.159784 -2.020193
v 0.870686 0.159783 -1.295465
v 0.870686 0.048696 -1.461720
v 0.870686 0.884511 -2.020193
v 0.870686 0.718257 -2.131280
v 0.870686 0.718257 -1.184378
v 0.870686 0.884511 -1.295465
v 0.870686 0.995598 -1.461719
v 0.870686 1.034607 -1.657829
v 0.870686 0.995598 -1.853939
v 0.870686 0.522147 -1.145370
v 0.870686 0.326038 -1.184378
v 0.870686 0.522147 -2.170289
v 0.870686 0.326038 -2.131280
v 0.870686 0.009688 -1.657829
v 0.870686 0.048696 -1.853939
v 1.371521 0.159784 -2.020193
v 1.371520 0.159783 -1.295465
v 1.371520 0.048696 -1.461720
v 1.371521 0.884511 -2.020193
v 1.371521 0.718257 -2.131280
v 1.371520 0.718257 -1.184378
v 1.371520 0.884511 -1.295465
v 1.371520 0.995598 -1.461719
v 1.371520 1.034607 -1.657829
v 1.371520 0.995598 -1.853939
v 1.371520 0.522147 -1.145370
v 1.371520 0.326038 -1.184378
v 1.371521 0.522147 -2.170289
v 1.371521 0.326038 -2.131280
v 1.371520 0.009688 -1.657829
v 1.371521 0.048696 -1.853939
v 0.870686 0.249868 -1.930109
v 0.870686 0.249868 -1.385550
v 0.870686 0.166397 -1.510473
v 0.870686 0.794426 -1.930108
v 0.870686 0.669504 -2.013579
v 0.870686 0.669504 -1.302079
v 0.870686 0.794426 -1.385550
v 0.870686 0.877897 -1.510473
v 0.870686 0.907208 -1.657829
v 0.870686 0.877897 -1.805185
v 0.870686 0.522147 -1.272768
v 0.870686 0.374791 -1.302079
v 0.870686 0.522147 -2.042890
v 0.870686 0.374791 -2.013579
v 0.870686 0.137086 -1.657829
v 0.870686 0.166397 -1.805185
v 1.371521 0.249868 -1.930109
v 1.371520 0.249868 -1.385550
v 1.371520 0.166397 -1.510473
v 1.371521 0.794426 -1.930108
v 1.371521 0.669504 -2.013579
v 1.371520 0.669504 -1.302079
v 1.371520 0.794426 -1.385550
v 1.371520 0.877897 -1.510473
v 1.371520 0.907208 -1.657829
v 1.371520 0.877897 -1.805185
v 1.371520 0.522147 -1.272768
v 1.371520 0.374791 -1.302079
v 1.371521 0.522147 -2.042890
v 1.371521 0.374791 -2.013579
v 1.371520 0.137086 -1.657829
v 1.371521 0.166397 -1.805185
v 0.908784 0.272389 -1.907587
v 0.908783 0.272389 -1.408071
v 0.908783 0.195823 -1.522661
v 0.908784 0.771905 -1.907587
v 0.908784 0.657316 -1.984153
v 0.908783 0.657315 -1.331504
v 0.908783 0.771905 -1.408071
v 0.908783 0.848472 -1.522660
v 0.908783 0.875359 -1.657829
v 0.908783 0.848472 -1.792997
v 0.908783 0.522147 -1.304618
v 0.908783 0.386979 -1.331505
v 0.908784 0.522147 -2.011040
v 0.908784 0.386979 -1.984153
v 0.908783 0.168936 -1.657829
v 0.908784 0.195823 -1.792997
v 1.329399 0.272389 -1.907587
v 1.329399 0.272389 -1.408071
v 1.329399 0.195823 -1.522661
v 1.329399 0.771905 -1.907587
v 1.329399 0.657316 -1.984153
v 1.329399 0.657315 -1.331504
v 1.329399 0.771905 -1.408071
v 1.329399 0.848472 -1.522660
v 1.329399 0.875359 -1.657829
v 1.329399 0.848472 -1.792997
v 1.329399 0.522147 -1.304618
v 1.329399 0.386979 -1.331505
v 1.329399 0.522147 -2.011040
v 1.329399 0.386979 -1.984153
v 1.329399 0.168936 -1.657829
v 1.329399 0.195823 -1.792997
v 0.908783 0.239960 -1.540944
v 0.908784 0.639033 -1.940015
v 0.908783 0.639033 -1.375642
v 0.908783 0.804334 -1.540943
v 0.908783 0.804334 -1.774714
v 0.908783 0.405262 -1.375642
v 0.908784 0.405262 -1.940016
v 0.908784 0.239960 -1.774714
v 0.908784 0.306171 -1.873806
v 0.908783 0.306171 -1.441852
v 0.908784 0.738124 -1.873806
v 0.908783 0.738124 -1.441852
v 0.908783 0.827584 -1.657829
v 0.908783 0.522147 -1.352392
v 0.908784 0.522147 -1.963266
v 0.908783 0.216710 -1.657829
v 1.348564 0.595845 -1.657829
v 1.348564 0.590235 -1.686032
v 1.348564 0.574259 -1.709941
v 1.348564 0.550350 -1.725916
v 1.348564 0.522147 -1.731526
v 1.348564 0.493945 -1.725916
v 1.348564 0.470036 -1.709941
v 1.348564 0.454060 -1.686032
v 1.348564 0.448450 -1.657829
v 1.348564 0.454060 -1.629627
v 1.348564 0.470036 -1.605717
v 1.348564 0.493945 -1.589742
v 1.348564 0.522147 -1.584132
v 1.348564 0.550350 -1.589742
v 1.348564 0.574259 -1.605717
v 1.348564 0.590235 -1.629627
v 1.329399 0.239960 -1.540944
v 1.329399 0.639033 -1.940015
v 1.329399 0.639033 -1.375642
v 1.329399 0.804334 -1.540943
v 1.329399 0.804334 -1.774714
v 1.329399 0.405262 -1.375642
v 1.329399 0.405262 -1.940016
v 1.329399 0.239960 -1.774714
v 1.329399 0.306171 -1.873806
v 1.329399 0.306171 -1.441852
v 1.329399 0.738124 -1.873806
v 1.329399 0.738124 -1.441852
v 1.329399 0.827584 -1.657829
v 1.329399 0.522147 -1.352392
v 1.329399 0.522147 -1.963266
v 1.329399 0.216710 -1.657829
v 1.329399 0.427958 -1.657829
v 1.329399 0.435128 -1.693874
v 1.329399 0.455545 -1.724431
v 1.329399 0.486103 -1.744848
v 1.329399 0.522147 -1.752018
v 1.329399 0.558192 -1.744848
v 1.329399 0.588749 -1.724431
v 1.329399 0.609168 -1.693874
v -1.329424 0.435128 -1.621784
v -1.329424 0.455545 -1.591227
v -1.329424 0.486103 -1.570809
v -1.329424 0.522147 -1.563639
v -1.329424 0.558192 -1.570809
v -1.329424 0.588749 -1.591227
v -1.329424 0.609168 -1.621784
v -1.329424 0.616337 -1.657829
v -1.255144 0.609168 -1.693874
v -1.255144 0.588749 -1.724431
v -1.255144 0.558192 -1.744848
v -1.255144 0.522147 -1.752018
v -1.255144 0.486103 -1.744848
v -1.255144 0.455545 -1.724431
v -1.255144 0.435128 -1.693874
v -1.255144 0.427958 -1.657829
v -1.255144 0.435128 -1.621784
v -1.255144 0.455545 -1.591227
v -1.255144 0.486103 -1.570809
v -1.255144 0.522147 -1.563639
v -1.255144 0.558192 -1.570809
v -1.255144 0.588749 -1.591227
v -1.255144 0.609168 -1.621784
v -1.255144 0.616337 -1.657829
v -1.255144 0.639033 -1.940015
v -1.255144 0.522147 -1.963266
v -1.255144 0.804334 -1.540943
v -1.255144 0.827584 -1.657829
v -1.255144 0.804334 -1.774714
v -1.255144 0.738124 -1.873806
v -1.255144 0.405262 -1.940016
v -1.255144 0.306171 -1.873806
v -1.255144 0.306171 -1.441852
v -1.255144 0.239960 -1.540944
v -1.255144 0.738124 -1.441852
v -1.255144 0.639033 -1.375642
v -1.255144 0.522147 -1.352392
v -1.255144 0.405262 -1.375642
v -1.255144 0.216710 -1.657829
v -1.255144 0.239960 -1.774714
v -0.908808 0.522147 -1.657829
v -0.870711 0.159784 -2.020193
v -0.870711 0.159783 -1.295465
v -0.870711 0.048696 -1.461720
v -0.870711 0.884511 -2.020193
v -0.870711 0.718257 -2.131280
v -0.870711 0.718257 -1.184378
v -0.870711 0.884511 -1.295465
v -0.870711 0.995598 -1.461719
v -0.870711 1.034607 -1.657829
v -0.870711 0.995598 -1.853939
v -0.870711 0.522147 -1.145370
v -0.870711 0.326038 -1.184378
v -0.870711 0.522147 -2.170289
v -0.870711 0.326038 -2.131280
v -0.870711 0.009688 -1.657829
v -0.870711 0.048696 -1.853939
v -1.371546 0.159784 -2.020193
v -1.371545 0.159783 -1.295465
v -1.371545 0.048696 -1.461720
v -1.371546 0.884511 -2.020193
v -1.371546 0.718257 -2.131280
v -1.371545 0.718257 -1.184378
v -1.371545 0.884511 -1.295465
v -1.371545 0.995598 -1.461719
v -1.371545 1.034607 -1.657829
v -1.371545 0.995598 -1.853939
v -1.371545 0.522147 -1.145370
v -1.371545 0.326038 -1.184378
v -1.371546 0.522147 -2.170289
v -1.371546 0.326038 -2.131280
v -1.371545 0.009688 -1.657829
v -1.371546 0.048696 -1.853939
v -0.870711 0.249868 -1.930109
v -0.870711 0.249868 -1.385550
v -0.870711 0.166397 -1.510473
v -0.870711 0.794426 -1.930108
v -0.870711 0.669504 -2.013579
v -0.870711 0.669504 -1.302079
v -0.870711 0.794426 -1.385550
v -0.870711 0.877897 -1.510473
v -0.870711 0.907208 -1.657829
v -0.870711 0.877897 -1.805185
v -0.870711 0.522147 -1.272768
v -0.870711 0.374791 -1.302079
v -0.870711 0.522147 -2.042890
v -0.870711 0.374791 -2.013579
v -0.870711 0.137086 -1.657829
v -0.870711 0.166397 -1.805185
v -1.371546 0.249868 -1.930109
v -1.371545 0.249868 -1.385550
v -1.371545 0.166397 -1.510473
v -1.371546 0.794426 -1.930108
v -1.371546 0.669504 -2.013579
v -1.371545 0.669504 -1.302079
v -1.371545 0.794426 -1.385550
v -1.371545 0.877897 -1.510473
v -1.371545 0.907208 -1.657829
v -1.371545 0.877897 -1.805185
v -1.371545 0.522147 -1.272768
v -1.371545 0.374791 -1.302079
v -1.371546 0.522147 -2.042890
v -1.371546 0.374791 -2.013579
v -1.371545 0.137086 -1.657829
v -1.371546 0.166397 -1.805185
v -0.908808 0.272389 -1.907587
v -0.908808 0.272389 -1.408071
v -0.908808 0.195823 -1.522661
v -0.908808 0.771905 -1.907587
v -0.908808 0.657316 -1.984153
v -0.908808 0.657315 -1.331504
v -0.908808 0.771905 -1.408071
v -0.908808 0.848472 -1.522660
v -0.908808 0.875359 -1.657829
v -0.908808 0.848472 -1.792997
v -0.908808 0.522147 -1.304618
v -0.908808 0.386979 -1.331505
v -0.908808 0.522147 -2.011040
v -0.908808 0.386979 -1.984153
v -0.908808 0.168936 -1.657829
v -0.908808 0.195823 -1.792997
v -1.329424 0.272389 -1.907587
v -1.329424 0.272389 -1.408071
v -1.329424 0.195823 -1.522661
v -1.329424 0.771905 -1.907587
v -1.329424 0.657316 -1.984153
v -1.329424 0.657315 -1.331504
v -1.329424 0.771905 -1.408071
v -1.329424 0.848472 -1.522660
v -1.329424 0.875359 -1.657829
v -1.329424 0.848472 -1.792997
v -1.329424 0.522147 -1.304618
v -1.329424 0.386979 -1.331505
v -1.329424 0.522147 -2.011040
v -1.329424 0.386979 -1.984153
v -1.329424 0.168936 -1.657829
v -1.329424 0.195823 -1.792997
v -0.908808 0.239960 -1.540944
v -0.908808 0.639033 -1.940015
v -0.908808 0.639033 -1.375642
v -0.908808 0.804334 -1.540943
v -0.908808 0.804334 -1.774714
v -0.908808 0.405262 -1.375642
v -0.908808 0.405262 -1.940016
v -0.908808 0.239960 -1.774714
v -0.908808 0.306171 -1.873806
v -0.908808 0.306171 -1.441852
v -0.908808 0.738124 -1.873806
v -0.908808 0.738124 -1.441852
v -0.908808 0.827584 -1.657829
v -0.908808 0.522147 -1.352392
v -0.908808 0.522147 -1.963266
v -0.908808 0.216710 -1.657829
v -1.348589 0.595845 -1.657829
v -1.348589 0.590235 -1.686032
v -1.348589 0.574259 -1.709941
v -1.348589 0.550350 -1.725916
v -1.348589 0.522147 -1.731526
v -1.348589 0.493945 -1.725916
v -1.348589 0.470036 -1.709941
v -1.348589 0.454060 -1.686032
v -1.348589 0.448450 -1.657829
v -1.348589 0.454060 -1.629627
v -1.348589 0.470036 -1.605717
v -1.348589 0.493945 -1.589742
v -1.348589 0.522147 -1.584132
v -1.348589 0.550350 -1.589742
v -1.348589 0.574259 -1.605717
v -1.348589 0.590235 -1.629627
v -1.329424 0.239960 -1.540944
v -1.329424 0.639033 -1.940015
v -1.329424 0.639033 -1.375642
v -1.329424 0.804334 -1.540943
v -1.329424 0.804334 -1.774714
v -1.329424 0.405262 -1.375642
v -1.329424 0.405262 -1.940016
v -1.329424 0.239960 -1.774714
v -1.329424 0.306171 -1.873806
v -1.329424 0.306171 -1.441852
v -1.329424 0.738124 -1.873806
v -1.329424 0.738124 -1.441852
v -1.329424 0.827584 -1.657829
v -1.329424 0.522147 -1.352392
v -1.329424 0.522147 -1.963266
v -1.329424 0.216710 -1.657829
v -1.329424 0.427958 -1.657829
v -1.329424 0.435128 -1.693874
v -1.329424 0.455545 -1.724431
v -1.329424 0.486103 -1.744848
v -1.329424 0.522147 -1.752018
v -1.329424 0.558192 -1.744848
v -1.329424 0.588749 -1.724431
v -1.329424 0.609168 -1.693874
v 0.668318 0.154045 -1.095908
v -0.668343 0.154045 -1.095908
v 0.668318 0.197131 -1.095906
v -0.668343 0.197131 -1.095906
v 0.326854 0.154045 -1.095908
v -0.326879 0.154045 -1.095908
v 0.200516 0.375053 -1.956213
v -0.200541 0.418138 -1.956212
v -0.000012 0.154045 -1.095908
v 0.326854 0.154045 0.990106
v -0.326879 0.154045 0.990106
v 0.249478 0.154045 3.177214
v 0.034676 0.154045 3.386130
v 0.218576 0.154045 3.281672
v 0.139953 0.154045 3.358141
v 0.034676 0.197131 3.386131
v 0.249478 0.197131 3.177214
v 0.139952 0.197131 3.358141
v 0.218575 0.197131 3.281673
v -0.000012 0.154045 0.990106
v -0.000012 0.197131 0.990106
v -0.000012 0.154045 3.386130
v -0.000012 0.197131 3.386131
v -0.249503 0.154045 3.177214
v -0.034701 0.154045 3.386130
v -0.218600 0.154045 3.281672
v -0.139977 0.154045 3.358141
v -0.034701 0.197131 3.386131
v -0.249503 0.197131 3.177214
v -0.139977 0.197131 3.358141
v -0.218600 0.197131 3.281673
v -0.000012 0.929642 0.990106
v -0.000012 0.491440 2.915744
v -0.000012 0.876116 1.493898
v -0.000012 0.656312 2.463333
v -0.000012 0.797113 1.942901
v 0.259061 0.154045 2.906334
v 0.309027 0.154045 1.493997
v 0.275717 0.154045 2.435555
v 0.292372 0.154045 1.964776
v -0.259086 0.154045 2.906334
v -0.309052 0.154045 1.493997
v -0.275741 0.154045 2.435555
v -0.292397 0.154045 1.964776
v -0.309052 0.197131 1.493997
v -0.259086 0.197131 2.906334
v -0.292396 0.197131 1.964776
v -0.275741 0.197131 2.435555
v 0.309027 0.197131 1.493997
v 0.259061 0.197131 2.906334
v 0.292372 0.197131 1.964776
v 0.275716 0.197131 2.435555
v -0.000012 0.154045 1.493997
v -0.000012 0.154045 2.906334
v -0.000012 0.154045 1.964776
v -0.000012 0.154045 2.435555
v -0.000012 0.369093 3.198492
v -0.157196 0.334306 3.250207
v -0.218600 0.245940 3.282652
v -0.187898 0.316967 3.266968
v -0.210373 0.284623 3.278844
v -0.139977 0.214059 3.357379
v -0.104600 0.313584 3.296977
v -0.135238 0.254568 3.348064
v -0.122289 0.290997 3.325955
v -0.034701 0.202818 3.385668
v -0.025632 0.305080 3.316173
v -0.033486 0.243658 3.374146
v -0.030166 0.281088 3.348710
v 0.254044 0.929642 0.990107
v 0.290449 0.919765 0.990107
v 0.317099 0.892780 0.990107
v 0.139952 0.214059 3.357379
v 0.104575 0.313584 3.296977
v 0.135213 0.254568 3.348064
v 0.122264 0.290997 3.325955
v 0.025607 0.305080 3.316173
v 0.034676 0.202818 3.385668
v 0.030142 0.281088 3.348710
v 0.033461 0.243658 3.374146
v 0.218575 0.245940 3.282652
v 0.157171 0.334306 3.250207
v 0.210349 0.284623 3.278844
v 0.187873 0.316967 3.266968
v 0.249478 0.289680 3.183633
v 0.176658 0.363782 3.191501
v 0.239722 0.325930 3.186512
v 0.213068 0.353053 3.189392
v -0.000012 0.308429 3.317765
v -0.000012 0.202818 3.385668
v -0.000012 0.282763 3.349506
v -0.000012 0.244107 3.374360
v -0.176683 0.363782 3.191501
v -0.249503 0.289680 3.183633
v -0.213093 0.353053 3.189392
v -0.239747 0.325930 3.186512
v -0.254068 0.929642 0.990107
v -0.317124 0.892780 0.990107
v -0.290474 0.919765 0.990107
v -0.236277 0.875672 1.493972
v -0.309082 0.801811 1.493995
v -0.272681 0.865726 1.493984
v -0.299329 0.838691 1.493992
v -0.259179 0.395486 2.906336
v -0.186694 0.475494 2.908969
v -0.249481 0.433222 2.906689
v -0.222949 0.462507 2.907653
v -0.220468 0.794288 1.941990
v -0.293167 0.719103 1.944564
v -0.256858 0.783874 1.942225
v -0.283468 0.756354 1.943167
v -0.202272 0.647744 2.459883
v -0.275139 0.572311 2.454910
v -0.238663 0.636510 2.458763
v -0.265334 0.608900 2.456942
v 0.309057 0.801811 1.493995
v 0.236252 0.875672 1.493972
v 0.299304 0.838691 1.493992
v 0.272656 0.865726 1.493984
v 0.186669 0.475494 2.908969
v 0.259154 0.395486 2.906336
v 0.222924 0.462507 2.907653
v 0.249456 0.433222 2.906689
v 0.220444 0.794288 1.941990
v 0.293142 0.719103 1.944564
v 0.256833 0.783874 1.942225
v 0.283443 0.756354 1.943167
v 0.202247 0.647744 2.459883
v 0.275114 0.572311 2.454910
v 0.238638 0.636510 2.458763
v 0.265309 0.608899 2.456942
v -0.668343 0.855918 -1.095906
v -0.221329 0.855918 -1.095907
v 0.668318 0.855918 -1.095906
v 0.221304 0.855918 -1.095907
v -0.000012 0.855918 -1.095907
v -0.000012 0.855918 0.990106
v 0.760141 0.154045 -0.715950
v 0.873995 0.154045 0.233169
v 0.840648 0.154045 -0.242815
v -0.874020 0.154045 0.233169
v -0.760166 0.154045 -0.715950
v -0.840673 0.154045 -0.242815
v 0.760141 0.197131 -0.715948
v 0.873995 0.197131 0.233170
v 0.840648 0.197131 -0.242813
v -0.874020 0.197131 0.233170
v -0.760166 0.197131 -0.715948
v -0.840673 0.197131 -0.242813
v 0.326854 0.154045 -0.715950
v 0.326854 0.154045 0.233169
v 0.326854 0.154045 -0.241390
v -0.326879 0.154045 -0.715950
v -0.326879 0.154045 0.233169
v -0.326879 0.154045 -0.241390
v -0.000012 0.154045 0.233169
v -0.000012 0.154045 -0.715950
v -0.000012 0.154045 -0.241391
v -0.199922 1.175873 -0.241390
v -0.307073 0.855918 -0.715949
v -0.326879 0.855918 -0.241390
v -0.874020 0.855918 0.233170
v -0.760166 0.855918 -0.715948
v -0.840673 0.855918 -0.242813
v 0.873995 0.855918 0.233170
v 0.760141 0.855918 -0.715948
v 0.840648 0.855918 -0.242813
v -0.253066 1.022929 -0.241390
v 0.307048 0.855918 -0.715949
v 0.326854 0.855918 -0.241390
v -0.000012 0.855918 -0.715949
v -0.000012 1.371553 -0.241390
v -0.000012 0.855918 -0.241390
v 0.873995 0.154045 0.812397
v 0.754964 0.154045 0.944715
v 0.858048 0.154045 0.873936
v 0.814480 0.154045 0.922368
v -0.754989 0.154045 0.944715
v -0.874020 0.154045 0.812397
v -0.814504 0.154045 0.922368
v -0.858073 0.154045 0.873936
v 0.873995 0.197131 0.812398
v 0.858048 0.197131 0.873937
v 0.814479 0.197131 0.922369
v -0.874020 0.197131 0.812398
v -0.858072 0.197131 0.873937
v -0.814504 0.197131 0.922369
v 0.873995 0.855918 0.812398
v 0.814479 0.855918 0.922369
v 0.858048 0.855918 0.873937
v -0.874020 0.855918 0.812398
v -0.858072 0.855918 0.873937
v -0.814504 0.855918 0.922369
v -0.462596 0.226279 -1.368744
v 0.129674 0.632479 -2.295171
v 0.462571 0.183194 -1.368746
v 0.462572 0.226279 -1.368744
v -0.462596 0.183194 -1.368746
v 0.462572 0.855924 -1.368744
v 0.226228 0.183194 -1.368746
v -0.226252 0.183194 -1.368746
v -0.129698 0.675564 -2.295170
v -0.000012 0.183194 -1.368746
v 0.157806 0.855924 -1.368745
v -0.462596 0.855924 -1.368744
v -0.000012 0.855924 -1.368745
v -0.157831 0.855924 -1.368745
v 0.200517 0.418138 -1.956212
v -0.200541 0.375053 -1.956213
v 0.200517 0.855932 -1.956212
v 0.098062 0.375053 -1.956214
v -0.098087 0.375053 -1.956214
v -0.000012 0.375053 -1.956214
v 0.086890 0.855932 -1.956212
v -0.200541 0.855932 -1.956212
v -0.000012 0.855932 -1.956213
v -0.086915 0.855932 -1.956212
v 0.129674 0.675564 -2.295170
v -0.129698 0.632479 -2.295171
v 0.129674 0.855939 -2.295170
v 0.063414 0.632479 -2.295172
v -0.063439 0.632479 -2.295172
v -0.000012 0.632479 -2.295172
v 0.063414 0.855939 -2.295171
v -0.129698 0.855939 -2.295170
v -0.000012 0.855939 -2.295171
v -0.063439 0.855939 -2.295171
v 0.236952 0.478623 -0.178546
v -0.000012 0.435293 0.233169
v -0.317124 0.892779 0.233170
v -0.326879 0.855916 0.233170
v -0.290474 0.919763 0.233170
v -0.254068 0.929641 0.233170
v 0.326854 0.855916 0.233170
v 0.317099 0.892779 0.233170
v 0.290449 0.919763 0.233170
v 0.254043 0.929641 0.233170
v -0.000012 0.929642 -0.241390
v -0.336660 0.855927 -1.564567
v -0.317124 0.892780 -0.241390
v -0.164660 0.247147 -1.564569
v -0.290474 0.919765 -0.241390
v -0.254068 0.929642 -0.241390
v 0.336635 0.247147 -1.564569
v 0.317099 0.892780 -0.241390
v 0.290449 0.919765 -0.241390
v 0.254043 0.929642 -0.241390
v 0.164635 0.247147 -1.564569
v 0.253041 1.022929 -0.241390
v 0.199897 1.175873 -0.241390
v -0.120395 0.855927 -1.564568
v -0.165735 1.264952 -0.241390
v -0.058481 1.368180 -0.241390
v -0.128026 1.334823 -0.241390
v -0.093897 1.359242 -0.241390
v 0.165711 1.264952 -0.241390
v 0.058456 1.368180 -0.241390
v 0.128001 1.334823 -0.241390
v 0.093872 1.359242 -0.241390
v -0.000012 0.247147 -1.564569
v 0.336635 0.855927 -1.564567
v 0.336635 0.290232 -1.564567
v -0.000012 0.855927 -1.564568
v 0.120370 0.855927 -1.564568
v -0.336660 0.247147 -1.564569
v -0.336660 0.290232 -1.564567
v -0.221329 0.855918 -1.095907
v 0.221304 0.855918 -1.095907
v -0.000012 0.855918 -1.095907
v -0.239101 0.993161 -0.715949
v 0.239076 0.993161 -0.715949
v 0.188065 1.132563 -0.715949
v -0.188090 1.132563 -0.715949
v -0.000012 1.310917 -0.715949
v -0.155927 1.213755 -0.715949
v -0.120450 1.277439 -0.715949
v -0.088341 1.299696 -0.715949
v -0.055020 1.307843 -0.715949
v 0.054995 1.307843 -0.715949
v 0.088316 1.299696 -0.715949
v 0.120425 1.277439 -0.715949
v 0.155902 1.213755 -0.715949
v 0.180531 0.951853 -1.095907
v 0.135546 1.067204 -1.095907
v -0.135571 1.067204 -1.095907
v -0.180556 0.951853 -1.095907
v -0.112389 1.134387 -1.095907
v -0.086819 1.187084 -1.095907
v -0.063676 1.205501 -1.095907
v -0.039660 1.212242 -1.095907
v -0.000012 1.214786 -1.095907
v 0.039635 1.212242 -1.095907
v 0.063651 1.205501 -1.095907
v 0.086794 1.187084 -1.095907
v 0.112364 1.134387 -1.095907
v -0.096678 0.994554 -1.368745
v -0.080147 1.038635 -1.368745
v -0.128757 0.918870 -1.368745
v -0.157831 0.855924 -1.368745
v 0.128732 0.918870 -1.368745
v 0.096653 0.994554 -1.368745
v -0.000012 0.855924 -1.368745
v 0.157806 0.855924 -1.368745
v -0.061913 1.073211 -1.368745
v -0.045410 1.085294 -1.368745
v -0.028285 1.089717 -1.368745
v -0.000012 1.091386 -1.368745
v 0.028260 1.089717 -1.368745
v 0.045385 1.085294 -1.368745
v 0.061888 1.073211 -1.368745
v 0.080122 1.038635 -1.368745
v -0.073748 0.919854 -1.564568
v -0.061138 0.940180 -1.564568
v -0.098217 0.884953 -1.564568
v -0.120395 0.855927 -1.564568
v 0.098192 0.884953 -1.564568
v 0.073723 0.919854 -1.564568
v -0.000012 0.855927 -1.564568
v 0.120370 0.855927 -1.564568
v -0.047230 0.956125 -1.564568
v -0.034641 0.961696 -1.564568
v -0.021578 0.963736 -1.564568
v -0.000012 0.964506 -1.564568
v 0.021553 0.963736 -1.564568
v 0.034616 0.961696 -1.564568
v 0.047205 0.956125 -1.564568
v 0.061114 0.940180 -1.564568
v -0.053241 0.882822 -1.956212
v -0.044139 0.891373 -1.956212
v -0.070905 0.868142 -1.956212
v -0.086915 0.855932 -1.956212
v 0.070881 0.868142 -1.956212
v 0.053217 0.882822 -1.956212
v -0.000012 0.855932 -1.956213
v 0.086890 0.855932 -1.956212
v -0.034098 0.898080 -1.956212
v -0.025011 0.900423 -1.956213
v -0.015580 0.901281 -1.956212
v -0.000012 0.901605 -1.956213
v 0.015556 0.901281 -1.956212
v 0.024986 0.900423 -1.956213
v 0.034073 0.898080 -1.956212
v 0.044114 0.891373 -1.956212
v -0.038862 0.871269 -2.295171
v -0.032218 0.876143 -2.295171
v -0.051754 0.862899 -2.295171
v -0.063439 0.855939 -2.295171
v 0.051729 0.862899 -2.295171
v 0.038837 0.871269 -2.295171
v -0.000012 0.855939 -2.295171
v 0.063414 0.855939 -2.295171
v -0.024890 0.879967 -2.295171
v -0.018258 0.881303 -2.295171
v -0.011375 0.881792 -2.295171
v -0.000012 0.881977 -2.295171
v 0.011350 0.881792 -2.295171
v 0.018233 0.881303 -2.295171
v 0.024865 0.879967 -2.295171
v 0.032193 0.876143 -2.295171
v -0.097021 0.809616 -2.647671
v -0.047457 0.809616 -2.647671
v 0.096996 0.766531 -2.647672
v 0.096996 0.809616 -2.647671
v -0.097021 0.766531 -2.647672
v 0.096996 0.855944 -2.647671
v 0.047432 0.766531 -2.647672
v -0.047457 0.766531 -2.647672
v 0.047432 0.809616 -2.647671
v -0.000012 0.809616 -2.647671
v -0.000012 0.766531 -2.647672
v 0.047432 0.855944 -2.647671
v -0.097021 0.855944 -2.647671
v -0.000012 0.855944 -2.647671
v -0.047457 0.855944 -2.647671
v -0.699724 1.107926 -2.295170
v 0.699699 0.855939 -2.295170
v -0.699724 0.855939 -2.295170
v 0.699699 1.107926 -2.295170
v -0.699724 1.088915 -2.295170
v 0.699699 0.874950 -2.295170
v -0.699724 0.874950 -2.295170
v 0.699699 1.088915 -2.295170
v 0.699699 0.855939 -2.711771
v 0.699700 0.874950 -2.711771
v -0.699724 0.874950 -2.711771
v -0.699724 0.855939 -2.711771
v 0.699699 1.088915 -2.711771
v 0.699700 1.107926 -2.711771
v -0.699724 1.107926 -2.711771
v -0.699724 1.088915 -2.711771
v -0.699724 1.126888 -2.631366
v 0.699699 1.126888 -2.631366
v -0.699724 1.115402 -2.633091
v 0.699699 1.115402 -2.633091
v 0.699699 1.204950 -2.877018
v 0.699700 1.216436 -2.875293
v -0.699724 1.216436 -2.875293
v -0.699724 1.204950 -2.877018
v -0.699724 1.124460 -2.693414
v -0.699724 1.169596 -2.817929
v -0.699724 1.141756 -2.757025
v -0.699724 1.135947 -2.691690
v -0.699724 1.181082 -2.816204
v -0.699724 1.153242 -2.755300
v 0.699699 1.181082 -2.816204
v 0.699699 1.135947 -2.691690
v 0.699699 1.153242 -2.755300
v 0.699699 1.124460 -2.693414
v 0.699699 1.169596 -2.817929
v 0.699699 1.141756 -2.757025
v 0.724220 1.252647 -2.284738
v 0.694566 1.252647 -2.284738
v 0.694566 0.598706 -2.906709
v 0.694566 1.252647 -2.906709
v 0.724220 1.252647 -2.906709
v 0.724220 0.598706 -2.906709
v 0.724220 0.838909 -2.284738
v 0.724220 0.598706 -2.489107
v 0.694566 0.598706 -2.489107
v 0.694566 0.838909 -2.284738
v -0.694591 0.838909 -2.284738
v -0.694591 0.598706 -2.489107
v -0.724245 0.598706 -2.489107
v -0.724245 0.838909 -2.284738
v -0.724245 0.598706 -2.906709
v -0.724245 1.252647 -2.906709
v -0.694591 1.252647 -2.906709
v -0.694591 0.598706 -2.906709
v -0.694591 1.252647 -2.284738
v -0.724245 1.252647 -2.284738
v 0.926798 0.176728 3.326293
v -0.926822 0.176728 3.326293
v 0.926797 0.189238 3.326293
v -0.926823 0.189238 3.326293
v 0.926798 0.176728 3.028829
v 0.926798 0.189238 3.028829
v -0.926822 0.189238 3.028829
v -0.926822 0.176728 3.028829
v 0.926798 0.191812 3.164306
v -0.926822 0.191812 3.164306
v 0.926797 0.203827 3.167790
v -0.926823 0.203827 3.167790
v 0.926798 0.254317 2.948753
v 0.926798 0.266332 2.952237
v -0.926822 0.266332 2.952237
v -0.926822 0.254317 2.948753
v -0.916369 0.312232 2.937727
v -0.916369 0.320367 2.957726
v -0.916369 0.272074 2.919671
v -0.916369 0.318441 2.981318
v 0.916344 0.318441 2.981318
v 0.916344 0.272074 2.919671
v 0.916344 0.320367 2.957726
v 0.916344 0.312232 2.937727
v 0.916344 0.295273 2.924364
v 0.954040 0.272074 2.919671
v 0.954040 0.318441 2.981318
v 0.954040 0.295273 2.924364
v 0.954040 0.312232 2.937727
v 0.954040 0.320367 2.957726
v 0.916344 0.196301 3.340561
v 0.916344 0.219844 3.322854
v 0.916344 0.203743 3.339214
v 0.916344 0.210831 3.335375
v 0.916344 0.216484 3.329630
v 0.954040 0.219844 3.322854
v 0.954040 0.196301 3.340561
v 0.954040 0.216484 3.329630
v 0.954040 0.210831 3.335375
v 0.954040 0.203743 3.339214
v 0.916344 0.185205 2.919671
v 0.916344 0.166041 2.938834
v 0.916344 0.171654 2.925284
v 0.954040 0.166041 2.938834
v 0.954040 0.185205 2.919671
v 0.954040 0.171654 2.925284
v 0.916344 0.166041 3.321398
v 0.916344 0.185205 3.340561
v 0.916344 0.171654 3.334949
v 0.954040 0.185205 3.340561
v 0.954040 0.166041 3.321398
v 0.954040 0.171654 3.334949
v -0.916369 0.295273 2.924364
v -0.954065 0.272074 2.919671
v -0.954065 0.318441 2.981318
v -0.954065 0.295273 2.924364
v -0.954065 0.312232 2.937727
v -0.954065 0.320367 2.957726
v -0.916369 0.196301 3.340561
v -0.916369 0.219844 3.322854
v -0.916369 0.203743 3.339214
v -0.916369 0.210831 3.335375
v -0.916369 0.216484 3.329630
v -0.954064 0.219844 3.322854
v -0.954064 0.196301 3.340561
v -0.954064 0.216484 3.329630
v -0.954064 0.210831 3.335375
v -0.954064 0.203743 3.339214
v -0.916369 0.185205 2.919671
v -0.916369 0.166041 2.938834
v -0.916369 0.171654 2.925284
v -0.954064 0.166041 2.938834
v -0.954064 0.185205 2.919671
v -0.954064 0.171654 2.925284
v -0.916369 0.166041 3.321398
v -0.916369 0.185205 3.340561
v -0.916369 0.171654 3.334949
v -0.954064 0.185205 3.340561
v -0.954064 0.166041 3.321398
v -0.954064 0.171654 3.334949
v 0.326854 0.855918 0.990107
v 0.326854 0.197131 0.990107
v -0.326879 0.197131 0.990107
v -0.326879 0.855918 0.990107
v -0.754989 0.197131 0.944716
v -0.754989 0.855918 0.944716
v 0.754964 0.855918 0.944716
v 0.754964 0.197131 0.944716
v 0.382172 0.797498 0.700857
v 0.382173 0.433039 0.700857
v -0.382197 0.433039 0.700857
v -0.382197 0.797498 0.700857
v -0.699670 0.433039 0.667197
v -0.699670 0.797498 0.667197
v 0.699645 0.797498 0.667197
v 0.699645 0.433039 0.667197
v 0.346671 0.397338 0.988006
v 0.382173 0.433039 0.948442
v 0.364422 0.415189 0.981327
v 0.377416 0.428256 0.966846
v -0.382197 0.433039 0.948442
v -0.346696 0.397338 0.988006
v -0.377441 0.428256 0.966846
v -0.364446 0.415189 0.981327
v 0.382172 0.797498 0.948442
v 0.346671 0.834990 0.988006
v 0.377416 0.802521 0.966846
v 0.364422 0.816244 0.981327
v -0.346696 0.834990 0.988006
v -0.382197 0.797498 0.948442
v -0.364447 0.816244 0.981327
v -0.377441 0.802521 0.966846
v 0.699645 0.433039 0.914781
v 0.735147 0.397338 0.946817
v 0.704402 0.428256 0.932177
v 0.717396 0.415189 0.943903
v -0.735172 0.397338 0.946817
v -0.699670 0.433039 0.914781
v -0.717421 0.415189 0.943903
v -0.704426 0.428256 0.932177
v 0.735147 0.834990 0.946817
v 0.699645 0.797498 0.914781
v 0.717396 0.816244 0.943903
v 0.704402 0.802521 0.932177
v -0.699670 0.797498 0.914781
v -0.735171 0.834990 0.946817
v -0.704426 0.802521 0.932177
v -0.717421 0.816244 0.943903
v 0.276937 0.884942 1.216830
v 0.276937 0.884942 1.232394
v 0.266789 0.896743 1.232394
v 0.266789 0.896743 1.216830
v 0.271863 0.890843 1.213606
v 0.271863 0.890843 1.235618
v 0.279039 0.882498 1.224612
v 0.264687 0.899187 1.224612
v 0.271863 0.890843 1.224612
v 0.360276 0.956606 1.216830
v 0.360276 0.956606 1.232394
v 0.350128 0.968407 1.232394
v 0.350128 0.968407 1.216830
v 0.355202 0.962507 1.213606
v 0.355202 0.962507 1.235618
v 0.362378 0.954162 1.224612
v 0.348026 0.970851 1.224612
v 0.355202 0.962507 1.224612
v 0.506603 0.955325 1.194350
v 0.512830 0.949098 1.237617
v 0.325461 0.949098 1.237617
v 0.331688 0.955325 1.194350
v 0.506603 1.017861 1.194350
v 0.512830 1.024088 1.237617
v 0.325461 1.024088 1.237617
v 0.331688 1.017861 1.194350
v 0.467545 0.949098 1.263660
v 0.333749 0.949098 1.263660
v 0.467545 1.024088 1.263660
v 0.333749 1.024088 1.263660
v 0.512830 0.949098 1.194350
v 0.325461 0.949098 1.194350
v 0.512830 1.024088 1.194350
v 0.325461 1.024088 1.194350
v 0.506603 0.955325 1.207546
v 0.331688 0.955325 1.207546
v 0.506603 1.017861 1.207546
v 0.331688 1.017861 1.207546
v -0.276962 0.884942 1.216830
v -0.276962 0.884942 1.232394
v -0.266814 0.896743 1.232394
v -0.266814 0.896743 1.216830
v -0.271888 0.890843 1.213606
v -0.271888 0.890843 1.235618
v -0.279063 0.882498 1.224612
v -0.264712 0.899187 1.224612
v -0.271888 0.890843 1.224612
v -0.360301 0.956606 1.216830
v -0.360301 0.956606 1.232394
v -0.350153 0.968407 1.232394
v -0.350153 0.968407 1.216830
v -0.355227 0.962507 1.213606
v -0.355227 0.962507 1.235618
v -0.362402 0.954162 1.224612
v -0.348051 0.970851 1.224612
v -0.355227 0.962507 1.224612
v -0.506628 0.955325 1.194350
v -0.512855 0.949098 1.237617
v -0.325486 0.949098 1.237617
v -0.331713 0.955325 1.194350
v -0.506628 1.017861 1.194350
v -0.512855 1.024088 1.237617
v -0.325486 1.024088 1.237617
v -0.331713 1.017861 1.194350
v -0.467570 0.949098 1.263660
v -0.333774 0.949098 1.263660
v -0.467570 1.024088 1.263660
v -0.333774 1.024088 1.263660
v -0.512855 0.949098 1.194350
v -0.325486 0.949098 1.194350
v -0.512855 1.024088 1.194350
v -0.325486 1.024088 1.194350
v -0.506628 0.955325 1.207546
v -0.331713 0.955325 1.207546
v -0.506628 1.017861 1.207546
v -0.331713 1.017861 1.207546
v -0.254068 0.929641 0.833858
v -0.290474 0.919764 0.833858
v 0.317099 0.892779 0.833858
v 0.254044 0.929641 0.833858
v -0.000012 0.929641 0.833858
v 0.290449 0.919764 0.833858
v -0.317124 0.892779 0.833858
v 0.317099 0.892780 -0.182070
v -0.317124 0.892780 -0.182070
v -0.000012 0.929642 -0.182070
v -0.254068 0.929642 -0.182070
v 0.290449 0.919765 -0.182070
v -0.290474 0.919765 -0.182070
v 0.254043 0.929642 -0.182070
v -0.254068 0.929641 0.761589
v 0.254044 0.929641 0.761589
v -0.123038 0.929641 0.833858
v 0.123013 0.929641 0.833858
v 0.254043 0.435293 0.233169
v -0.254068 0.435293 0.233169
v -0.254068 0.435293 0.761588
v 0.254044 0.435293 0.761588
v -0.254068 0.435294 -0.182070
v 0.254043 0.435294 -0.182070
v -0.000012 0.435294 0.833857
v 0.123013 0.435294 0.833858
v -0.000012 0.435294 -0.182071
v -0.123038 0.435294 0.833858
v 0.236952 0.478623 0.595714
v -0.236977 0.478623 0.595714
v -0.236977 0.478623 -0.178546
v -0.236977 0.964144 -0.227169
v -0.236977 0.478560 -0.188696
v 0.236952 0.478560 -0.188696
v 0.236952 0.964144 -0.227169
v 0.127073 0.478623 -0.178546
v -0.127098 0.478623 -0.178546
v 0.042349 0.478623 -0.178546
v -0.042374 0.478623 -0.178546
v -0.127098 0.478623 0.595714
v 0.127073 0.478623 0.595714
v -0.042374 0.478623 0.595714
v 0.042349 0.478623 0.595714
v 0.127073 0.593416 -0.178546
v -0.127097 0.593416 -0.178546
v 0.046504 0.587139 -0.178546
v -0.046529 0.587139 -0.178546
v -0.127098 0.593416 0.595714
v 0.127073 0.593416 0.595714
v -0.046529 0.587139 0.595714
v 0.046504 0.587139 0.595714
v 0.219335 0.605865 -0.178546
v 0.236952 0.590466 -0.178546
v 0.231792 0.602339 -0.178546
v 0.236952 0.590466 0.595714
v 0.219335 0.605865 0.595714
v 0.231792 0.602339 0.595714
v -0.219360 0.605865 0.595714
v -0.236977 0.590466 0.595714
v -0.231817 0.602339 0.595714
v -0.236977 0.590466 -0.178546
v -0.219360 0.605865 -0.178546
v -0.231817 0.602339 -0.178546
v 0.127073 1.040929 -0.233253
v -0.127098 1.040930 -0.233253
v 0.042349 1.066174 -0.235253
v -0.042374 1.066174 -0.235253
v -0.127098 0.478560 -0.188696
v 0.127073 0.478560 -0.188696
v -0.042374 0.478560 -0.188696
v 0.042349 0.478560 -0.188696
v -0.127098 0.487627 -0.074262
v 0.127073 0.487627 -0.074262
v -0.046529 0.487131 -0.080519
v 0.046504 0.487131 -0.080519
v 0.236952 0.487394 -0.077203
v 0.219335 0.488610 -0.061851
v 0.231792 0.488332 -0.065366
v -0.219360 0.488610 -0.061851
v -0.236977 0.487394 -0.077203
v -0.231817 0.488332 -0.065366
v -0.219360 1.004635 -0.230377
v 0.219335 1.004634 -0.230377
v -0.231817 0.989305 -0.229163
v 0.231792 0.989305 -0.229162
v 0.127073 1.041108 -0.118114
v 0.127073 1.050872 -0.129131
v 0.127073 1.046345 -0.119901
v 0.127073 1.049919 -0.123934
v -0.127097 1.050873 -0.129131
v -0.127097 1.041108 -0.118114
v -0.127097 1.049920 -0.123934
v -0.127097 1.046346 -0.119901
v 0.046112 1.073936 -0.137287
v 0.046504 1.064010 -0.126225
v 0.046308 1.072902 -0.132067
v 0.046452 1.069269 -0.128018
v -0.046137 1.073936 -0.137287
v -0.046529 1.064010 -0.126225
v -0.046333 1.072902 -0.132067
v -0.046476 1.069269 -0.128018
v 0.219335 1.014400 -0.113760
v 0.219335 1.004517 -0.102727
v 0.219335 1.013388 -0.108555
v 0.219335 1.009771 -0.104516
v 0.236952 0.972291 -0.125864
v 0.236952 0.953039 -0.114096
v 0.236952 0.970011 -0.120562
v 0.236952 0.962965 -0.116255
v 0.231792 0.985029 -0.104720
v 0.231792 0.998520 -0.116035
v 0.231792 0.992078 -0.106651
v 0.231792 0.997016 -0.110793
v -0.236977 0.953040 -0.114096
v -0.236977 0.972292 -0.125864
v -0.236977 0.962965 -0.116255
v -0.236977 0.970012 -0.120562
v -0.219360 1.004518 -0.102727
v -0.219360 1.014400 -0.113760
v -0.219360 1.009771 -0.104516
v -0.219360 1.013389 -0.108555
v -0.231817 0.998520 -0.116035
v -0.231817 0.985029 -0.104719
v -0.231817 0.997016 -0.110793
v -0.231817 0.992078 -0.106651
v -0.000012 0.824113 0.800242
v -0.000012 0.829305 0.757317
v -0.000012 0.731789 0.779074
v -0.000012 0.741267 0.790222
v -0.000012 0.734071 0.786422
v -0.059021 0.765532 0.793157
v -0.066620 0.759179 0.782386
v -0.064394 0.760546 0.789624
v -0.083463 0.824113 0.800242
v -0.943567 0.452328 2.373730
v -0.091062 0.824462 0.797355
v -0.059021 0.882694 0.807327
v -0.066620 0.891431 0.798382
v -0.064394 0.888378 0.805085
v -0.000012 0.906959 0.810262
v -0.000012 0.918821 0.801695
v -0.000012 0.914853 0.808287
v 0.058996 0.882694 0.807327
v 0.066596 0.891431 0.798382
v 0.064370 0.888378 0.805085
v 0.083438 0.824113 0.800242
v -0.952469 0.411360 2.348522
v 0.091037 0.824462 0.797355
v 0.058996 0.765532 0.793157
v 0.066596 0.759179 0.782386
v 0.064370 0.760546 0.789624
v -0.066620 0.761987 0.759177
v -0.059021 0.770723 0.750232
v -0.064394 0.765039 0.752474
v -0.000012 0.746458 0.747297
v -0.000012 0.734596 0.755864
v -0.000012 0.738564 0.749272
v -0.952469 0.463230 2.359154
v -0.083463 0.829305 0.757317
v -0.091062 0.828955 0.760205
v -0.066620 0.894238 0.775173
v -0.059021 0.887886 0.764403
v -0.064394 0.892872 0.767935
v -0.000012 0.921628 0.778486
v -0.000012 0.912151 0.767337
v -0.000012 0.919347 0.771137
v 0.066596 0.894238 0.775173
v 0.058996 0.887886 0.764403
v 0.064370 0.892872 0.767935
v -0.940838 0.423050 2.372882
v 0.083438 0.829305 0.757317
v 0.091037 0.828955 0.760205
v 0.066596 0.761987 0.759177
v 0.058996 0.770723 0.750232
v 0.064370 0.765039 0.752474
v 0.085295 0.933334 0.803460
v 0.095045 0.940166 0.817119
v 0.088151 0.934702 0.812699
v 0.095045 0.707383 0.788964
v 0.085295 0.717274 0.777328
v 0.088151 0.713743 0.785975
v 0.095045 0.946035 0.768595
v 0.085295 0.936143 0.780231
v 0.088151 0.939674 0.771584
v 0.085295 0.720084 0.754099
v 0.095045 0.713251 0.740440
v 0.088151 0.718716 0.744860
v 0.100773 0.945078 0.817713
v 0.110523 0.954970 0.806077
v 0.107667 0.951439 0.814724
v 0.110523 0.695638 0.774712
v 0.100773 0.702470 0.788370
v 0.107667 0.697006 0.783951
v 0.110523 0.957779 0.782848
v 0.100773 0.950947 0.769189
v 0.107667 0.956412 0.773609
v 0.100773 0.708339 0.739846
v 0.110523 0.698448 0.751482
v 0.107667 0.701978 0.742835
v 0.117503 0.886595 0.797807
v 0.117503 0.764013 0.782981
v 0.134998 0.825304 0.790394
v 0.133016 0.762483 0.795628
v 0.133016 0.885066 0.810454
v 0.150511 0.823774 0.803041
v 0.122047 0.885513 0.806750
v 0.122047 0.762931 0.791924
v 0.139542 0.824222 0.799337
v 0.133016 0.890934 0.761931
v 0.133016 0.768352 0.747105
v 0.150511 0.829643 0.754518
v 0.117503 0.766823 0.759752
v 0.117503 0.889405 0.774578
v 0.134998 0.828113 0.767165
v 0.122047 0.890486 0.765635
v 0.122047 0.767904 0.750809
v 0.139542 0.829195 0.758222
v 0.142128 0.885066 0.810454
v 0.142128 0.762483 0.795628
v 0.159623 0.823774 0.803041
v 0.157641 0.764013 0.782981
v 0.157641 0.886595 0.797807
v 0.175136 0.825304 0.790394
v 0.153097 0.885513 0.806750
v 0.153097 0.762931 0.791924
v 0.170592 0.824222 0.799337
v 0.157641 0.889405 0.774578
v 0.157641 0.766823 0.759752
v 0.175136 0.828113 0.767165
v 0.142128 0.768352 0.747105
v 0.142128 0.890934 0.761931
v 0.159623 0.829643 0.754518
v 0.153097 0.890486 0.765635
v 0.153097 0.767904 0.750809
v 0.170592 0.829195 0.758222
v 0.121266 0.777194 0.784576
v 0.120815 0.874991 0.796404
v 0.121266 0.780003 0.761346
v 0.120815 0.877801 0.773175
v 0.120815 0.874991 0.796404
v 0.134998 0.825304 0.790394
v 0.121266 0.780003 0.761346
v 0.134998 0.828113 0.767165
v 0.121266 0.777194 0.784576
v 0.120815 0.877801 0.773175
v -0.957287 0.415123 2.340196
v -0.939879 0.432619 2.376653
v -0.961371 0.458941 2.341464
v -0.940838 0.442900 2.376951
v -0.965059 0.441971 2.331023
v -0.964101 0.431690 2.330725
v -0.085320 0.933334 0.803460
v -0.095070 0.940166 0.817119
v -0.088175 0.934702 0.812699
v -0.095070 0.707383 0.788964
v -0.085320 0.717274 0.777328
v -0.088175 0.713743 0.785975
v -0.095070 0.946035 0.768595
v -0.085320 0.936143 0.780231
v -0.088175 0.939674 0.771584
v -0.085320 0.720084 0.754099
v -0.095070 0.713251 0.740440
v -0.088175 0.718716 0.744860
v -0.100798 0.945078 0.817713
v -0.110548 0.954970 0.806077
v -0.107692 0.951439 0.814724
v -0.110548 0.695638 0.774712
v -0.100798 0.702470 0.788370
v -0.107692 0.697006 0.783951
v -0.110548 0.957779 0.782848
v -0.100798 0.950947 0.769189
v -0.107692 0.956412 0.773609
v -0.100798 0.708339 0.739846
v -0.110548 0.698448 0.751482
v -0.107692 0.701978 0.742835
v -0.117528 0.886595 0.797807
v -0.117528 0.764013 0.782981
v -0.135023 0.825304 0.790394
v -0.133041 0.762483 0.795628
v -0.133041 0.885066 0.810454
v -0.150535 0.823774 0.803041
v -0.122072 0.885513 0.806750
v -0.122072 0.762931 0.791924
v -0.139567 0.824222 0.799337
v -0.133041 0.890934 0.761931
v -0.133041 0.768352 0.747105
v -0.150535 0.829643 0.754518
v -0.117528 0.766823 0.759752
v -0.117528 0.889405 0.774578
v -0.135023 0.828113 0.767165
v -0.122072 0.890486 0.765635
v -0.122072 0.767904 0.750809
v -0.139566 0.829195 0.758222
v -0.142153 0.885066 0.810454
v -0.142153 0.762483 0.795628
v -0.159648 0.823774 0.803041
v -0.157666 0.764013 0.782981
v -0.157666 0.886595 0.797807
v -0.175161 0.825304 0.790394
v -0.153122 0.885513 0.806750
v -0.153122 0.762931 0.791924
v -0.170617 0.824222 0.799337
v -0.157666 0.889405 0.774578
v -0.157666 0.766823 0.759752
v -0.175161 0.828113 0.767165
v -0.142153 0.768352 0.747105
v -0.142153 0.890934 0.761931
v -0.159648 0.829643 0.754518
v -0.153122 0.890486 0.765635
v -0.153122 0.767904 0.750809
v -0.170617 0.829195 0.758222
v -0.121290 0.777194 0.784576
v -0.120840 0.874991 0.796404
v -0.121290 0.780003 0.761346
v -0.120840 0.877801 0.773175
v -0.120840 0.874991 0.796404
v -0.135023 0.825304 0.790394
v -0.121290 0.780003 0.761346
v -0.135023 0.828113 0.767165
v -0.121290 0.777194 0.784576
v -0.120840 0.877801 0.773175
v -0.947651 0.459467 2.367481
v -0.943567 0.415649 2.366212
v -0.964101 0.451541 2.334794
v -0.947651 0.411544 2.357658
v -0.961371 0.422263 2.333947
v -0.957287 0.463046 2.350019
v 0.094181 0.825304 0.790394
v -0.952469 0.437295 2.353838
v 0.079061 0.789067 0.786011
v 0.079065 0.789067 0.786001
v 0.943542 0.452328 2.373730
v 0.952444 0.411360 2.348522
v 0.079061 0.791876 0.762782
v 0.079065 0.791874 0.762792
v 0.094181 0.828113 0.767165
v 0.952444 0.463230 2.359154
v 0.940813 0.423050 2.372882
v -0.079090 0.789067 0.786001
v -0.094206 0.825304 0.790394
v 0.957262 0.415123 2.340196
v -0.094206 0.828113 0.767165
v -0.079090 0.791874 0.762792
v -0.079086 0.791876 0.762782
v 0.939855 0.432619 2.376653
v 0.961347 0.458941 2.341464
v 0.940813 0.442900 2.376951
v -0.079086 0.789067 0.786011
v 0.965034 0.441971 2.331023
v 0.078425 0.863066 0.794962
v 0.964076 0.431690 2.330725
v 0.947627 0.459467 2.367481
v 0.078429 0.863068 0.794951
v 0.943542 0.415649 2.366212
v -0.078454 0.865875 0.771742
v -0.078450 0.865875 0.771732
v 0.964076 0.451541 2.334794
v 0.078429 0.865875 0.771742
v 0.947627 0.411544 2.357658
v 0.961347 0.422263 2.333947
v 0.957262 0.463046 2.350019
v 0.078425 0.865875 0.771732
v -0.078454 0.863068 0.794951
v 0.952444 0.437295 2.353838
v -0.140951 0.411529 2.325485
v -0.078450 0.863066 0.794962
v -0.141893 0.422777 2.336773
v -0.141328 0.416035 2.332251
v -0.142559 0.430732 2.338361
v -0.141328 0.416035 2.302754
v -0.144300 0.451517 2.317502
v -0.144167 0.449934 2.309521
v -0.144167 0.449934 2.325485
v -0.143790 0.445429 2.302754
v -0.143225 0.438685 2.298233
v -0.143790 0.445429 2.332251
v -0.143225 0.438685 2.336773
v -0.142559 0.430732 2.296645
v -0.141893 0.422777 2.298233
v -0.140818 0.409946 2.317502
v -0.142559 0.430732 2.317502
v -0.140951 0.411529 2.309521
v -0.924197 0.365265 2.317502
v -0.925806 0.384468 2.309521
v -0.922966 0.350567 2.302754
v -0.922589 0.346062 2.325485
v -0.924864 0.373219 2.298233
v -0.922966 0.350567 2.332251
v -0.925806 0.384468 2.325485
v -0.923531 0.357310 2.298233
v -0.924197 0.365265 2.296645
v -0.924864 0.373219 2.336773
v -0.925428 0.379962 2.302754
v -0.924197 0.365265 2.338361
v -0.922589 0.346062 2.309521
v -0.923531 0.357310 2.336773
v -0.925938 0.386049 2.317502
v -0.922456 0.344479 2.317502
v -0.925428 0.379962 2.332251
v -0.140951 0.411529 2.457195
v -0.141893 0.422777 2.468483
v -0.141328 0.416035 2.463962
v -0.142559 0.430732 2.470071
v -0.141328 0.416035 2.434464
v -0.144300 0.451517 2.449213
v -0.144167 0.449934 2.441231
v -0.144167 0.449934 2.457195
v -0.143790 0.445429 2.434464
v -0.143225 0.438685 2.429943
v -0.143790 0.445429 2.463962
v -0.143225 0.438685 2.468483
v -0.142559 0.430732 2.428355
v -0.141893 0.422777 2.429943
v -0.140818 0.409946 2.449213
v -0.142559 0.430732 2.449213
v -0.140951 0.411529 2.441231
v -0.924197 0.365265 2.449213
v -0.925806 0.384468 2.441231
v -0.922966 0.350567 2.434464
v -0.922589 0.346062 2.457195
v -0.924864 0.373219 2.429943
v -0.922966 0.350567 2.463962
v -0.925806 0.384468 2.457195
v -0.923531 0.357310 2.429943
v -0.924197 0.365265 2.428355
v -0.924864 0.373219 2.468483
v -0.925428 0.379962 2.434464
v -0.924197 0.365265 2.470071
v -0.922589 0.346062 2.441231
v -0.923531 0.357310 2.468483
v -0.925938 0.386049 2.449213
v -0.922456 0.344479 2.449213
v -0.925428 0.379962 2.463962
v -0.925428 0.497582 2.463962
v -0.922456 0.462099 2.449213
v -0.925938 0.503669 2.449213
v -0.923531 0.474930 2.468483
v -0.922589 0.463682 2.441231
v -0.924197 0.482885 2.470071
v -0.925428 0.497582 2.434464
v -0.924864 0.490839 2.468483
v -0.924197 0.482885 2.428355
v -0.923531 0.474930 2.429943
v -0.925806 0.502088 2.457195
v -0.922966 0.468187 2.463962
v -0.924864 0.490839 2.429943
v -0.922589 0.463682 2.457195
v -0.922966 0.468187 2.434464
v -0.925806 0.502088 2.441231
v -0.924197 0.482885 2.449213
v -0.140951 0.529149 2.441231
v -0.142559 0.548352 2.449213
v -0.140818 0.527566 2.449213
v -0.141893 0.540397 2.429943
v -0.142559 0.548352 2.428355
v -0.143225 0.556305 2.468483
v -0.143790 0.563049 2.463962
v -0.143225 0.556305 2.429943
v -0.143790 0.563049 2.434464
v -0.144167 0.567554 2.457195
v -0.144167 0.567554 2.441231
v -0.144300 0.569137 2.449213
v -0.141328 0.533655 2.434464
v -0.142559 0.548352 2.470071
v -0.141328 0.533655 2.463962
v -0.141893 0.540397 2.468483
v -0.140951 0.529149 2.457195
v -0.925428 0.497582 2.332251
v -0.922456 0.462099 2.317502
v -0.925938 0.503669 2.317502
v -0.923531 0.474930 2.336773
v -0.922589 0.463682 2.309521
v -0.924197 0.482885 2.338361
v -0.925428 0.497582 2.302754
v -0.924864 0.490839 2.336773
v -0.924197 0.482885 2.296645
v -0.923531 0.474930 2.298233
v -0.925806 0.502088 2.325485
v -0.922966 0.468187 2.332251
v -0.924864 0.490839 2.298233
v -0.922589 0.463682 2.325485
v -0.922966 0.468187 2.302754
v -0.925806 0.502088 2.309521
v -0.924197 0.482885 2.317502
v -0.140951 0.529149 2.309521
v -0.142559 0.548352 2.317502
v -0.140818 0.527566 2.317502
v -0.141893 0.540397 2.298233
v -0.142559 0.548352 2.296645
v -0.143225 0.556305 2.336773
v -0.143790 0.563049 2.332251
v -0.143225 0.556305 2.298233
v -0.143790 0.563049 2.302754
v -0.144167 0.567554 2.325485
v -0.144167 0.567554 2.309521
v -0.144300 0.569137 2.317502
v -0.141328 0.533655 2.302754
v -0.142559 0.548352 2.338361
v -0.141328 0.533655 2.332251
v -0.141893 0.540397 2.336773
v -0.140951 0.529149 2.325485
v -0.000012 0.563290 1.832357
v -0.000012 0.556186 1.824241
v -0.000012 0.519030 1.833252
v -0.000012 0.514743 1.844129
v -0.000012 0.554744 1.874051
v -0.000012 0.562327 1.865639
v -0.000012 0.546721 1.819963
v -0.000012 0.536336 1.820173
v -0.000012 0.526612 1.824839
v -0.000012 0.545021 1.878718
v -0.000012 0.566952 1.843074
v -0.000012 0.514405 1.855816
v -0.000012 0.525171 1.874649
v -0.000012 0.534635 1.878927
v -0.000012 0.566614 1.854761
v -0.000012 0.518066 1.866533
v 0.140926 0.411529 2.325485
v 0.141868 0.422777 2.336773
v 0.141303 0.416035 2.332251
v 0.142534 0.430732 2.338361
v 0.141303 0.416035 2.302754
v 0.144275 0.451517 2.317502
v 0.144143 0.449934 2.309521
v 0.144143 0.449934 2.325485
v 0.143765 0.445429 2.302754
v 0.143201 0.438685 2.298233
v 0.143765 0.445429 2.332251
v 0.143201 0.438685 2.336773
v 0.142534 0.430732 2.296645
v 0.141868 0.422777 2.298233
v 0.140793 0.409946 2.317502
v 0.142534 0.430732 2.317502
v 0.140926 0.411529 2.309521
v 0.924172 0.365265 2.317502
v 0.925781 0.384468 2.309521
v 0.922942 0.350567 2.302754
v 0.922564 0.346062 2.325485
v 0.924839 0.373219 2.298233
v 0.922942 0.350567 2.332251
v 0.925781 0.384468 2.325485
v 0.923506 0.357310 2.298233
v 0.924172 0.365265 2.296645
v 0.924839 0.373219 2.336773
v 0.925404 0.379962 2.302754
v 0.924172 0.365265 2.338361
v 0.922564 0.346062 2.309521
v 0.923506 0.357310 2.336773
v 0.925913 0.386049 2.317502
v 0.922432 0.344479 2.317502
v 0.925404 0.379962 2.332251
v 0.140926 0.411529 2.457195
v 0.141868 0.422777 2.468483
v 0.141303 0.416035 2.463962
v 0.142534 0.430732 2.470071
v 0.141303 0.416035 2.434464
v 0.144275 0.451517 2.449213
v 0.144143 0.449934 2.441231
v 0.144143 0.449934 2.457195
v 0.143765 0.445429 2.434464
v 0.143201 0.438685 2.429943
v 0.143765 0.445429 2.463962
v 0.143201 0.438685 2.468483
v 0.142534 0.430732 2.428355
v 0.141868 0.422777 2.429943
v 0.140793 0.409946 2.449213
v 0.142534 0.430732 2.449213
v 0.140926 0.411529 2.441231
v 0.924172 0.365265 2.449213
v 0.925781 0.384468 2.441231
v 0.922942 0.350567 2.434464
v 0.922564 0.346062 2.457195
v 0.924839 0.373219 2.429943
v 0.922942 0.350567 2.463962
v 0.925781 0.384468 2.457195
v 0.923506 0.357310 2.429943
v 0.924172 0.365265 2.428355
v 0.924839 0.373219 2.468483
v 0.925404 0.379962 2.434464
v 0.924172 0.365265 2.470071
v 0.922564 0.346062 2.441231
v 0.923506 0.357310 2.468483
v 0.925913 0.386049 2.449213
v 0.922432 0.344479 2.449213
v 0.925404 0.379962 2.463962
v 0.925404 0.497582 2.463962
v 0.922432 0.462099 2.449213
v 0.925913 0.503669 2.449213
v 0.923506 0.474930 2.468483
v 0.922564 0.463682 2.441231
v 0.924172 0.482885 2.470071
v 0.925404 0.497582 2.434464
v 0.924839 0.490839 2.468483
v 0.924172 0.482885 2.428355
v 0.923506 0.474930 2.429943
v 0.925781 0.502088 2.457195
v 0.922942 0.468187 2.463962
v 0.924839 0.490839 2.429943
v 0.922564 0.463682 2.457195
v 0.922942 0.468187 2.434464
v 0.925781 0.502088 2.441231
v 0.924172 0.482885 2.449213
v 0.140926 0.529149 2.441231
v 0.142534 0.548352 2.449213
v 0.140793 0.527566 2.449213
v 0.141868 0.540397 2.429943
v 0.142534 0.548352 2.428355
v 0.143201 0.556305 2.468483
v 0.143765 0.563049 2.463962
v 0.143201 0.556305 2.429943
v 0.143765 0.563049 2.434464
v 0.144143 0.567554 2.457195
v 0.144143 0.567554 2.441231
v 0.144275 0.569137 2.449213
v 0.141303 0.533655 2.434464
v 0.142534 0.548352 2.470071
v 0.141303 0.533655 2.463962
v 0.141868 0.540397 2.468483
v 0.140926 0.529149 2.457195
v 0.925404 0.497582 2.332251
v 0.922432 0.462099 2.317502
v 0.925913 0.503669 2.317502
v 0.923506 0.474930 2.336773
v 0.922564 0.463682 2.309521
v 0.924172 0.482885 2.338361
v 0.925404 0.497582 2.302754
v 0.924839 0.490839 2.336773
v 0.924172 0.482885 2.296645
v 0.923506 0.474930 2.298233
v 0.925781 0.502088 2.325485
v 0.922942 0.468187 2.332251
v 0.924839 0.490839 2.298233
v 0.922564 0.463682 2.325485
v 0.922942 0.468187 2.302754
v 0.925781 0.502088 2.309521
v 0.924172 0.482885 2.317502
v 0.140926 0.529149 2.309521
v 0.142534 0.548352 2.317502
v 0.140793 0.527566 2.317502
v 0.141868 0.540397 2.298233
v 0.142534 0.548352 2.296645
v 0.143201 0.556305 2.336773
v 0.143765 0.563049 2.332251
v 0.143201 0.556305 2.298233
v 0.143765 0.563049 2.302754
v 0.144143 0.567554 2.325485
v 0.144143 0.567554 2.309521
v 0.144275 0.569137 2.317502
v 0.141303 0.533655 2.302754
v 0.142534 0.548352 2.338361
v 0.141303 0.533655 2.332251
v 0.141868 0.540397 2.336773
v 0.140926 0.529149 2.325485
v -0.908808 0.522147 -1.657829
v -0.908808 0.476449 -1.638900
v -0.908808 0.541076 -1.703527
v -0.908808 0.541076 -1.612131
v -0.908808 0.567845 -1.638900
v -0.908808 0.567845 -1.676758
v -0.908808 0.503218 -1.612131
v -0.908808 0.503218 -1.703527
v -0.908808 0.476449 -1.676758
v -0.908808 0.487171 -1.692805
v -0.908808 0.487171 -1.622853
v -0.908808 0.557123 -1.692805
v -0.908808 0.557123 -1.622853
v -0.908808 0.571610 -1.657829
v -0.908808 0.522147 -1.608366
v -0.908808 0.522147 -1.707292
v -0.908808 0.472684 -1.657829
v -0.112756 0.503218 -1.612131
v -0.112756 0.522147 -1.657829
v -0.112756 0.487171 -1.622853
v -0.112756 0.476449 -1.638900
v -0.112756 0.522147 -1.608366
v -0.112756 0.541076 -1.612131
v -0.112756 0.541076 -1.703527
v -0.112756 0.557123 -1.692805
v -0.112756 0.557123 -1.622853
v -0.112756 0.567845 -1.638900
v -0.112756 0.472684 -1.657829
v -0.112756 0.571610 -1.657829
v -0.112756 0.487171 -1.692805
v -0.112756 0.503218 -1.703527
v -0.112756 0.476449 -1.676758
v -0.112756 0.567845 -1.676758
v -0.112756 0.522147 -1.707292
v -0.906826 0.650063 -1.717648
v -0.905643 0.628968 -1.705836
v -0.909683 0.658801 -1.746163
v -0.903970 0.658801 -1.689133
v -0.905643 0.671158 -1.705836
v -0.908009 0.671158 -1.729459
v -0.903970 0.641325 -1.689133
v -0.909683 0.641325 -1.746163
v -0.908010 0.628968 -1.729459
v -0.909012 0.633918 -1.739473
v -0.904640 0.633918 -1.695823
v -0.909012 0.666208 -1.739473
v -0.904640 0.666208 -1.695823
v -0.906826 0.672896 -1.717648
v -0.903735 0.650063 -1.686782
v -0.909918 0.650063 -1.748513
v -0.906826 0.627230 -1.717648
v -0.111882 0.641325 -1.768471
v -0.114738 0.650063 -1.796986
v -0.112552 0.633918 -1.775161
v -0.113555 0.628968 -1.785174
v -0.111646 0.650063 -1.766121
v -0.111882 0.658801 -1.768471
v -0.117594 0.658801 -1.825501
v -0.116924 0.666208 -1.818811
v -0.112552 0.666208 -1.775161
v -0.113555 0.671158 -1.785174
v -0.114738 0.627230 -1.796986
v -0.114738 0.672896 -1.796986
v -0.116924 0.633918 -1.818811
v -0.117594 0.641325 -1.825501
v -0.115921 0.628968 -1.808797
v -0.115921 0.671158 -1.808797
v -0.117829 0.650063 -1.827851
v -0.913688 0.650063 -1.684360
v -0.919982 0.628968 -1.674296
v -0.898492 0.658801 -1.708657
v -0.928884 0.658801 -1.660063
v -0.919982 0.671158 -1.674296
v -0.907394 0.671158 -1.694424
v -0.928884 0.641325 -1.660063
v -0.898492 0.641325 -1.708657
v -0.907394 0.628968 -1.694424
v -0.902057 0.633918 -1.702956
v -0.925319 0.633918 -1.665763
v -0.902057 0.666208 -1.702956
v -0.925319 0.666208 -1.665763
v -0.913688 0.672896 -1.684360
v -0.930137 0.650063 -1.658060
v -0.897240 0.650063 -1.710659
v -0.913688 0.627230 -1.684360
v -0.253962 0.641325 -1.237950
v -0.238766 0.650063 -1.262247
v -0.250397 0.633918 -1.243650
v -0.245061 0.628968 -1.252182
v -0.255215 0.650063 -1.235947
v -0.253962 0.658801 -1.237950
v -0.223570 0.658801 -1.286544
v -0.227136 0.666208 -1.280843
v -0.250397 0.666208 -1.243650
v -0.245061 0.671158 -1.252182
v -0.238766 0.627230 -1.262247
v -0.238766 0.672896 -1.262247
v -0.227136 0.633918 -1.280843
v -0.223570 0.641325 -1.286544
v -0.232472 0.628968 -1.272311
v -0.232472 0.671158 -1.272311
v -0.222318 0.650063 -1.288546
v 0.908783 0.522147 -1.657829
v 0.908783 0.476449 -1.638900
v 0.908783 0.541076 -1.703527
v 0.908783 0.541076 -1.612131
v 0.908783 0.567845 -1.638900
v 0.908783 0.567845 -1.676758
v 0.908783 0.503218 -1.612131
v 0.908783 0.503218 -1.703527
v 0.908783 0.476449 -1.676758
v 0.908783 0.487171 -1.692805
v 0.908783 0.487171 -1.622853
v 0.908783 0.557123 -1.692805
v 0.908783 0.557123 -1.622853
v 0.908783 0.571610 -1.657829
v 0.908783 0.522147 -1.608366
v 0.908783 0.522147 -1.707292
v 0.908783 0.472684 -1.657829
v 0.112731 0.503218 -1.612131
v 0.112731 0.522147 -1.657829
v 0.112731 0.487171 -1.622853
v 0.112731 0.476449 -1.638900
v 0.112731 0.522147 -1.608366
v 0.112731 0.541076 -1.612131
v 0.112731 0.541076 -1.703527
v 0.112731 0.557123 -1.692805
v 0.112731 0.557123 -1.622853
v 0.112731 0.567845 -1.638900
v 0.112731 0.472684 -1.657829
v 0.112731 0.571610 -1.657829
v 0.112731 0.487171 -1.692805
v 0.112731 0.503218 -1.703527
v 0.112731 0.476449 -1.676758
v 0.112731 0.567845 -1.676758
v 0.112731 0.522147 -1.707292
v 0.906802 0.650063 -1.717648
v 0.905619 0.628968 -1.705836
v 0.909658 0.658801 -1.746163
v 0.903946 0.658801 -1.689133
v 0.905619 0.671158 -1.705836
v 0.907985 0.671158 -1.729459
v 0.903946 0.641325 -1.689133
v 0.909658 0.641325 -1.746163
v 0.907985 0.628968 -1.729459
v 0.908988 0.633918 -1.739473
v 0.904616 0.633918 -1.695823
v 0.908988 0.666208 -1.739473
v 0.904616 0.666208 -1.695823
v 0.906802 0.672896 -1.717648
v 0.903710 0.650063 -1.686782
v 0.909893 0.650063 -1.748513
v 0.906802 0.627230 -1.717648
v 0.111857 0.641325 -1.768471
v 0.114713 0.650063 -1.796986
v 0.112527 0.633918 -1.775161
v 0.113530 0.628968 -1.785174
v 0.111621 0.650063 -1.766121
v 0.111857 0.658801 -1.768471
v 0.117569 0.658801 -1.825501
v 0.116899 0.666208 -1.818811
v 0.112527 0.666208 -1.775161
v 0.113530 0.671158 -1.785174
v 0.114713 0.627230 -1.796986
v 0.114713 0.672896 -1.796986
v 0.116899 0.633918 -1.818811
v 0.117569 0.641325 -1.825501
v 0.115896 0.628968 -1.808797
v 0.115896 0.671158 -1.808797
v 0.117805 0.650063 -1.827851
v 0.913663 0.650063 -1.684360
v 0.919958 0.628968 -1.674296
v 0.898467 0.658801 -1.708657
v 0.928859 0.658801 -1.660063
v 0.919958 0.671158 -1.674296
v 0.907369 0.671158 -1.694424
v 0.928859 0.641325 -1.660063
v 0.898467 0.641325 -1.708657
v 0.907369 0.628968 -1.694424
v 0.902033 0.633918 -1.702956
v 0.925294 0.633918 -1.665763
v 0.902033 0.666208 -1.702956
v 0.925294 0.666208 -1.665763
v 0.913663 0.672896 -1.684360
v 0.930112 0.650063 -1.658060
v 0.897215 0.650063 -1.710659
v 0.913663 0.627230 -1.684360
v 0.253937 0.641325 -1.237950
v 0.238741 0.650063 -1.262247
v 0.250372 0.633918 -1.243650
v 0.245036 0.628968 -1.252182
v 0.255190 0.650063 -1.235947
v 0.253937 0.658801 -1.237950
v 0.223546 0.658801 -1.286544
v 0.227111 0.666208 -1.280843
v 0.250372 0.666208 -1.243650
v 0.245036 0.671158 -1.252182
v 0.238741 0.627230 -1.262247
v 0.238741 0.672896 -1.262247
v 0.227111 0.633918 -1.280843
v 0.223546 0.641325 -1.286544
v 0.232447 0.628968 -1.272311
v 0.232447 0.671158 -1.272311
v 0.222293 0.650063 -1.288546
vt 0.472755 0.973797
vt 0.472755 0.973797
vt 0.472755 0.973797
vt 0.472755 0.973797
vt 0.472755 0.973797
vt 0.472755 0.973797
vt 0.472755 0.973797
vt 0.472755 0.973797
vt 0.472755 0.973797
vt 0.472755 0.973797
vt 0.472755 0.973797
vt 0.472755 0.973797
vt 0.472755 0.973797
vt 0.472755 0.973797
vt 0.472755 0.973797
vt 0.472755 0.973797
vt 0.472755 0.973797
vt 0.472755 0.973797
vt 0.472755 0.973797
vt 0.472755 0.973797
vt 0.472755 0.973797
vt 0.472755 0.973797
vt 0.472755 0.973797
vt 0.472755 0.973797
vt 0.472755 0.973797
vt 0.472755 0.973797
vt 0.472755 0.973797
vt 0.472755 0.973797
vt 0.472755 0.973797
vt 0.472755 0.973797
vt 0.472755 0.973797
vt 0.472755 0.973797
vt 0.472755 0.973797
vt 0.472755 0.973797
vt 0.472755 0.973797
vt 0.472755 0.973797
vt 0.472755 0.973797
vt 0.472755 0.973797
vt 0.472755 0.973797
vt 0.472755 0.973797
vt 0.472755 0.973797
vt 0.472755 0.973797
vt 0.089840 0.965674
vt 0.089840 0.965674
vt 0.089840 0.965674
vt 0.089840 0.965674
vt 0.472755 0.973797
vt 0.472755 0.973797
vt 0.472755 0.973797
vt 0.472755 0.973797
vt 0.472755 0.973797
vt 0.472755 0.973797
vt 0.472755 0.973797
vt 0.472755 0.973797
vt 0.472755 0.973797
vt 0.472755 0.973797
vt 0.472755 0.973797
vt 0.472755 0.973797
vt 0.472755 0.973797
vt 0.472755 0.973797
vt 0.472755 0.973797
vt 0.472755 0.973797
vt 0.472755 0.973797
vt 0.472755 0.973797
vt 0.472755 0.973797
vt 0.472755 0.973797
vt 0.415014 0.945367
vt 0.415014 0.945367
vt 0.415014 0.945367
vt 0.415014 0.945367
vt 0.411975 0.957551
vt 0.411975 0.957551
vt 0.411975 0.957551
vt 0.411975 0.957551
vt 0.415014 0.945367
vt 0.415014 0.945367
vt 0.415014 0.945367
vt 0.415014 0.945367
vt 0.415014 0.945367
vt 0.415014 0.945367
vt 0.415014 0.945367
vt 0.415014 0.945367
vt 0.411975 0.957551
vt 0.411975 0.957551
vt 0.411975 0.957551
vt 0.411975 0.957551
vt 0.415014 0.945367
vt 0.415014 0.945367
vt 0.415014 0.945367
vt 0.415014 0.945367
vt 0.415014 0.945367
vt 0.415014 0.945367
vt 0.411975 0.957551
vt 0.411975 0.957551
vt 0.415014 0.945367
vt 0.415014 0.945367
vt 0.415014 0.945367
vt 0.415014 0.945367
vt 0.411975 0.957551
vt 0.411975 0.957551
vt 0.415014 0.945367
vt 0.415014 0.945367
vt 0.411975 0.957551
vt 0.411975 0.957551
vt 0.411975 0.957551
vt 0.411975 0.957551
vt 0.415014 0.945367
vt 0.415014 0.945367
vt 0.411975 0.957551
vt 0.411975 0.957551
vt 0.411975 0.957551
vt 0.411975 0.957551
vt 0.415014 0.945367
vt 0.415014 0.945367
vt 0.089840 0.965674
vt 0.089840 0.965674
vt 0.089840 0.965674
vt 0.089840 0.965674
vt 0.089840 0.965674
vt 0.089840 0.965674
vt 0.089840 0.965674
vt 0.089840 0.965674
vt 0.089840 0.965674
vt 0.089840 0.965674
vt 0.089840 0.965674
vt 0.089840 0.965674
vt 0.089840 0.965674
vt 0.089840 0.965674
vt 0.089840 0.965674
vt 0.089840 0.965674
vt 0.089840 0.965674
vt 0.089840 0.965674
vt 0.089840 0.965674
vt 0.089840 0.965674
vt 0.089840 0.965674
vt 0.089840 0.965674
vt 0.089840 0.965674
vt 0.089840 0.965674
vt 0.089840 0.965674
vt 0.089840 0.965674
vt 0.089840 0.965674
vt 0.089840 0.965674
vt 0.089840 0.965674
vt 0.089840 0.965674
vt 0.089840 0.965674
vt 0.089840 0.965674
vt 0.089840 0.965674
vt 0.089840 0.965674
vt 0.089840 0.965674
vt 0.089840 0.965674
vt 0.089840 0.965674
vt 0.089840 0.965674
vt 0.089840 0.965674
vt 0.089840 0.965674
vt 0.089840 0.965674
vt 0.089840 0.965674
vt 0.089840 0.965674
vt 0.089840 0.965674
vt 0.089840 0.965674
vt 0.089840 0.965674
vt 0.089840 0.965674
vt 0.089840 0.965674
vt 0.089840 0.965674
vt 0.089840 0.965674
vt 0.089840 0.965674
vt 0.089840 0.965674
vt 0.089840 0.965674
vt 0.089840 0.965674
vt 0.411975 0.957551
vt 0.411975 0.957551
vt 0.415014 0.945367
vt 0.415014 0.945367
vt 0.411975 0.957551
vt 0.411975 0.957551
vt 0.411975 0.957551
vt 0.411975 0.957551
vt 0.411975 0.957551
vt 0.411975 0.957551
vt 0.411975 0.957551
vt 0.411975 0.957551
vt 0.411975 0.957551
vt 0.411975 0.957551
vt 0.415014 0.945367
vt 0.415014 0.945367
vt 0.089840 0.965674
vt 0.089840 0.965674
vt 0.089840 0.965674
vt 0.089840 0.965674
vt 0.089840 0.965674
vt 0.089840 0.965674
vt 0.089840 0.965674
vt 0.089840 0.965674
vt 0.089840 0.965674
vt 0.089840 0.965674
vt 0.089840 0.965674
vt 0.089840 0.965674
vt 0.089840 0.965674
vt 0.089840 0.965674
vt 0.089840 0.965674
vt 0.089840 0.965674
vt 0.089840 0.965674
vt 0.089840 0.965674
vt 0.089840 0.965674
vt 0.089840 0.965674
vt 0.089840 0.965674
vt 0.089840 0.965674
vt 0.089840 0.965674
vt 0.089840 0.965674
vt 0.089840 0.965674
vt 0.089840 0.965674
vt 0.089840 0.965674
vt 0.089840 0.965674
vt 0.089840 0.965674
vt 0.089840 0.965674
vt 0.089840 0.965674
vt 0.089840 0.965674
vt 0.089840 0.965674
vt 0.089840 0.965674
vt 0.089840 0.965674
vt 0.089840 0.965674
vt 0.089840 0.965674
vt 0.089840 0.965674
vt 0.089840 0.965674
vt 0.089840 0.965674
vt 0.089840 0.965674
vt 0.089840 0.965674
vt 0.089840 0.965674
vt 0.089840 0.965674
vt 0.089840 0.965674
vt 0.089840 0.965674
vt 0.411975 0.965674
vt 0.411975 0.965674
vt 0.411975 0.965674
vt 0.089840 0.965674
vt 0.089840 0.965674
vt 0.089840 0.965674
vt 0.411975 0.965674
vt 0.411975 0.965674
vt 0.089840 0.965674
vt 0.089840 0.965674
vt 0.411975 0.965674
vt 0.411975 0.965674
vt 0.089840 0.965674
vt 0.089840 0.965674
vt 0.411975 0.965674
vt 0.411975 0.965674
vt 0.089840 0.965674
vt 0.089840 0.965674
vt 0.411975 0.965674
vt 0.411975 0.965674
vt 0.089840 0.965674
vt 0.089840 0.965674
vt 0.411975 0.965674
vt 0.411975 0.965674
vt 0.089840 0.965674
vt 0.089840 0.965674
vt 0.411975 0.965674
vt 0.411975 0.965674
vt 0.089840 0.965674
vt 0.089840 0.965674
vt 0.411975 0.965674
vt 0.411975 0.965674
vt 0.089840 0.965674
vt 0.089840 0.965674
vt 0.089840 0.965674
vt 0.089840 0.965674
vt 0.089840 0.965674
vt 0.089840 0.965674
vt 0.089840 0.965674
vt 0.089840 0.965674
vt 0.089840 0.965674
vt 0.089840 0.965674
vt 0.089840 0.965674
vt 0.089840 0.965674
vt 0.089840 0.965674
vt 0.089840 0.965674
vt 0.089840 0.965674
vt 0.089840 0.965674
vt 0.089840 0.965674
vt 0.089840 0.965674
vt 0.089840 0.965674
vt 0.089840 0.965674
vt 0.089840 0.965674
vt 0.089840 0.965674
vt 0.089840 0.965674
vt 0.089840 0.965674
vt 0.089840 0.965674
vt 0.089840 0.965674
vt 0.089840 0.965674
vt 0.089840 0.965674
vt 0.089840 0.965674
vt 0.089840 0.965674
vt 0.472755 0.973797
vt 0.472755 0.973797
vt 0.472755 0.973797
vt 0.472755 0.973797
vt 0.089840 0.965674
vt 0.089840 0.965674
vt 0.472755 0.973797
vt 0.472755 0.973797
vt 0.472755 0.973797
vt 0.472755 0.973797
vt 0.472755 0.973797
vt 0.089840 0.965674
vt 0.089840 0.965674
vt 0.472755 0.973797
vt 0.472755 0.973797
vt 0.089840 0.965674
vt 0.089840 0.965674
vt 0.472755 0.973797
vt 0.472755 0.973797
vt 0.472755 0.973797
vt 0.089840 0.965674
vt 0.089840 0.965674
vt 0.089840 0.965674
vt 0.089840 0.965674
vt 0.472755 0.973797
vt 0.472755 0.973797
vt 0.089840 0.965674
vt 0.089840 0.965674
vt 0.472755 0.973797
vt 0.472755 0.973797
vt 0.472755 0.973797
vt 0.472755 0.973797
vt 0.472755 0.973797
vt 0.472755 0.973797
vt 0.472755 0.973797
vt 0.472755 0.973797
vt 0.472755 0.973797
vt 0.472755 0.973797
vt 0.472755 0.973797
vt 0.472755 0.973797
vt 0.472755 0.973797
vt 0.472755 0.973797
vt 0.472755 0.973797
vt 0.472755 0.973797
vt 0.472755 0.973797
vt 0.472755 0.973797
vt 0.472755 0.973797
vt 0.472755 0.973797
vt 0.472755 0.973797
vt 0.472755 0.973797
vt 0.472755 0.973797
vt 0.472755 0.973797
vt 0.472755 0.973797
vt 0.472755 0.973797
vt 0.472755 0.973797
vt 0.472755 0.973797
vt 0.472755 0.973797
vt 0.472755 0.973797
vt 0.472755 0.973797
vt 0.472755 0.973797
vt 0.472755 0.973797
vt 0.472755 0.973797
vt 0.472755 0.973797
vt 0.472755 0.973797
vt 0.472755 0.973797
vt 0.472755 0.973797
vt 0.472755 0.973797
vt 0.472755 0.973797
vt 0.472755 0.973797
vt 0.472755 0.973797
vt 0.472755 0.973797
vt 0.472755 0.973797
vt 0.089840 0.965674
vt 0.089840 0.965674
vt 0.089840 0.965674
vt 0.089840 0.965674
vt 0.472755 0.973797
vt 0.472755 0.973797
vt 0.472755 0.973797
vt 0.472755 0.973797
vt 0.472755 0.973797
vt 0.472755 0.973797
vt 0.472755 0.973797
vt 0.472755 0.973797
vt 0.472755 0.973797
vt 0.472755 0.973797
vt 0.472755 0.973797
vt 0.472755 0.973797
vt 0.472755 0.973797
vt 0.472755 0.973797
vt 0.472755 0.973797
vt 0.472755 0.973797
vt 0.472755 0.973797
vt 0.472755 0.973797
vt 0.472755 0.973797
vt 0.472755 0.973797
vt 0.408936 0.965674
vt 0.408936 0.965674
vt 0.408936 0.965674
vt 0.408936 0.965674
vt 0.418053 0.965674
vt 0.418053 0.965674
vt 0.418053 0.965674
vt 0.418053 0.965674
vt 0.408936 0.965674
vt 0.408936 0.965674
vt 0.408936 0.965674
vt 0.408936 0.965674
vt 0.408936 0.965674
vt 0.408936 0.965674
vt 0.408936 0.965674
vt 0.408936 0.965674
vt 0.418053 0.965674
vt 0.418053 0.965674
vt 0.418053 0.965674
vt 0.418053 0.965674
vt 0.408936 0.965674
vt 0.408936 0.965674
vt 0.408936 0.965674
vt 0.408936 0.965674
vt 0.408936 0.965674
vt 0.408936 0.965674
vt 0.418053 0.965674
vt 0.418053 0.965674
vt 0.408936 0.965674
vt 0.408936 0.965674
vt 0.408936 0.965674
vt 0.408936 0.965674
vt 0.418053 0.965674
vt 0.418053 0.965674
vt 0.408936 0.965674
vt 0.408936 0.965674
vt 0.418053 0.965674
vt 0.418053 0.965674
vt 0.418053 0.965674
vt 0.418053 0.965674
vt 0.408936 0.965674
vt 0.408936 0.965674
vt 0.418053 0.965674
vt 0.418053 0.965674
vt 0.418053 0.965674
vt 0.418053 0.965674
vt 0.408936 0.965674
vt 0.408936 0.965674
vt 0.089840 0.965674
vt 0.089840 0.965674
vt 0.089840 0.965674
vt 0.089840 0.965674
vt 0.089840 0.965674
vt 0.089840 0.965674
vt 0.089840 0.965674
vt 0.089840 0.965674
vt 0.089840 0.965674
vt 0.089840 0.965674
vt 0.089840 0.965674
vt 0.089840 0.965674
vt 0.089840 0.965674
vt 0.089840 0.965674
vt 0.089840 0.965674
vt 0.089840 0.965674
vt 0.089840 0.965674
vt 0.089840 0.965674
vt 0.089840 0.965674
vt 0.089840 0.965674
vt 0.089840 0.965674
vt 0.089840 0.965674
vt 0.089840 0.965674
vt 0.089840 0.965674
vt 0.089840 0.965674
vt 0.089840 0.965674
vt 0.089840 0.965674
vt 0.089840 0.965674
vt 0.089840 0.965674
vt 0.089840 0.965674
vt 0.089840 0.965674
vt 0.089840 0.965674
vt 0.089840 0.965674
vt 0.089840 0.965674
vt 0.089840 0.965674
vt 0.089840 0.965674
vt 0.089840 0.965674
vt 0.089840 0.965674
vt 0.089840 0.965674
vt 0.089840 0.965674
vt 0.089840 0.965674
vt 0.089840 0.965674
vt 0.089840 0.965674
vt 0.089840 0.965674
vt 0.089840 0.965674
vt 0.089840 0.965674
vt 0.089840 0.965674
vt 0.089840 0.965674
vt 0.089840 0.965674
vt 0.089840 0.965674
vt 0.089840 0.965674
vt 0.089840 0.965674
vt 0.089840 0.965674
vt 0.089840 0.965674
vt 0.418053 0.965674
vt 0.418053 0.965674
vt 0.408936 0.965674
vt 0.408936 0.965674
vt 0.418053 0.965674
vt 0.418053 0.965674
vt 0.418053 0.965674
vt 0.418053 0.965674
vt 0.418053 0.965674
vt 0.418053 0.965674
vt 0.418053 0.965674
vt 0.418053 0.965674
vt 0.418053 0.965674
vt 0.418053 0.965674
vt 0.408936 0.965674
vt 0.408936 0.965674
vt 0.089840 0.965674
vt 0.089840 0.965674
vt 0.089840 0.965674
vt 0.089840 0.965674
vt 0.089840 0.965674
vt 0.089840 0.965674
vt 0.089840 0.965674
vt 0.089840 0.965674
vt 0.089840 0.965674
vt 0.089840 0.965674
vt 0.089840 0.965674
vt 0.089840 0.965674
vt 0.089840 0.965674
vt 0.089840 0.965674
vt 0.089840 0.965674
vt 0.089840 0.965674
vt 0.089840 0.965674
vt 0.089840 0.965674
vt 0.089840 0.965674
vt 0.089840 0.965674
vt 0.089840 0.965674
vt 0.089840 0.965674
vt 0.089840 0.965674
vt 0.089840 0.965674
vt 0.089840 0.965674
vt 0.089840 0.965674
vt 0.089840 0.965674
vt 0.089840 0.965674
vt 0.089840 0.965674
vt 0.089840 0.965674
vt 0.089840 0.965674
vt 0.089840 0.965674
vt 0.089840 0.965674
vt 0.089840 0.965674
vt 0.089840 0.965674
vt 0.089840 0.965674
vt 0.089840 0.965674
vt 0.089840 0.965674
vt 0.089840 0.965674
vt 0.089840 0.965674
vt 0.089840 0.965674
vt 0.089840 0.965674
vt 0.089840 0.965674
vt 0.089840 0.965674
vt 0.089840 0.965674
vt 0.089840 0.965674
vt 0.402858 0.965674
vt 0.402858 0.965674
vt 0.402858 0.965674
vt 0.089840 0.965674
vt 0.089840 0.965674
vt 0.089840 0.965674
vt 0.402858 0.965674
vt 0.402858 0.965674
vt 0.089840 0.965674
vt 0.089840 0.965674
vt 0.402858 0.965674
vt 0.402858 0.965674
vt 0.089840 0.965674
vt 0.089840 0.965674
vt 0.402858 0.965674
vt 0.402858 0.965674
vt 0.089840 0.965674
vt 0.089840 0.965674
vt 0.402858 0.965674
vt 0.402858 0.965674
vt 0.089840 0.965674
vt 0.089840 0.965674
vt 0.402858 0.965674
vt 0.402858 0.965674
vt 0.089840 0.965674
vt 0.089840 0.965674
vt 0.402858 0.965674
vt 0.402858 0.965674
vt 0.089840 0.965674
vt 0.089840 0.965674
vt 0.402858 0.965674
vt 0.402858 0.965674
vt 0.089840 0.965674
vt 0.089840 0.965674
vt 0.089840 0.965674
vt 0.089840 0.965674
vt 0.089840 0.965674
vt 0.089840 0.965674
vt 0.089840 0.965674
vt 0.089840 0.965674
vt 0.089840 0.965674
vt 0.089840 0.965674
vt 0.089840 0.965674
vt 0.089840 0.965674
vt 0.089840 0.965674
vt 0.089840 0.965674
vt 0.089840 0.965674
vt 0.089840 0.965674
vt 0.089840 0.965674
vt 0.089840 0.965674
vt 0.089840 0.965674
vt 0.089840 0.965674
vt 0.089840 0.965674
vt 0.089840 0.965674
vt 0.089840 0.965674
vt 0.089840 0.965674
vt 0.089840 0.965674
vt 0.089840 0.965674
vt 0.089840 0.965674
vt 0.089840 0.965674
vt 0.089840 0.965674
vt 0.089840 0.965674
vt 0.472755 0.973797
vt 0.472755 0.973797
vt 0.472755 0.973797
vt 0.472755 0.973797
vt 0.089840 0.965674
vt 0.089840 0.965674
vt 0.472755 0.973797
vt 0.472755 0.973797
vt 0.472755 0.973797
vt 0.472755 0.973797
vt 0.472755 0.973797
vt 0.089840 0.965674
vt 0.089840 0.965674
vt 0.472755 0.973797
vt 0.472755 0.973797
vt 0.089840 0.965674
vt 0.089840 0.965674
vt 0.472755 0.973797
vt 0.472755 0.973797
vt 0.472755 0.973797
vt 0.089840 0.965674
vt 0.089840 0.965674
vt 0.089840 0.965674
vt 0.089840 0.965674
vt 0.472755 0.973797
vt 0.472755 0.973797
vt 0.089840 0.965674
vt 0.089840 0.965674
vt 0.472755 0.973797
vt 0.472755 0.973797
vt 0.472755 0.973797
vt 0.472755 0.973797
vt 0.472755 0.973797
vt 0.472755 0.973797
vt 0.472755 0.973797
vt 0.472755 0.973797
vt 0.472755 0.973797
vt 0.472755 0.973797
vt 0.472755 0.973797
vt 0.472755 0.973797
vt 0.472755 0.973797
vt 0.472755 0.973797
vt 0.089840 0.965674
vt 0.089840 0.965674
vt 0.089840 0.965674
vt 0.089840 0.965674
vt 0.472755 0.973797
vt 0.472755 0.973797
vt 0.472755 0.973797
vt 0.472755 0.973797
vt 0.421092 0.965674
vt 0.421092 0.965674
vt 0.421092 0.965674
vt 0.472755 0.973797
vt 0.472755 0.973797
vt 0.472755 0.973797
vt 0.472755 0.973797
vt 0.089840 0.965674
vt 0.089840 0.965674
vt 0.089840 0.965674
vt 0.472755 0.973797
vt 0.472755 0.973797
vt 0.472755 0.973797
vt 0.472755 0.973797
vt 0.089840 0.965674
vt 0.089840 0.965674
vt 0.089840 0.965674
vt 0.089840 0.965674
vt 0.089840 0.965674
vt 0.089840 0.965674
vt 0.089840 0.965674
vt 0.089840 0.965674
vt 0.089840 0.965674
vt 0.089840 0.965674
vt 0.472755 0.973797
vt 0.472755 0.973797
vt 0.089840 0.965674
vt 0.089840 0.965674
vt 0.089840 0.965674
vt 0.089840 0.965674
vt 0.472755 0.973797
vt 0.472755 0.973797
vt 0.089840 0.965674
vt 0.089840 0.965674
vt 0.089840 0.965674
vt 0.089840 0.965674
vt 0.472755 0.973797
vt 0.472755 0.973797
vt 0.472755 0.973797
vt 0.472755 0.973797
vt 0.089840 0.965674
vt 0.089840 0.965674
vt 0.089840 0.965674
vt 0.089840 0.965674
vt 0.089840 0.965674
vt 0.089840 0.965674
vt 0.089840 0.965674
vt 0.089840 0.965674
vt 0.089840 0.965674
vt 0.089840 0.965674
vt 0.089840 0.965674
vt 0.089840 0.965674
vt 0.089840 0.965674
vt 0.089840 0.965674
vt 0.089840 0.965674
vt 0.089840 0.965674
vt 0.089840 0.965674
vt 0.089840 0.965674
vt 0.089840 0.965674
vt 0.089840 0.965674
vt 0.089840 0.965674
vt 0.089840 0.965674
vt 0.089840 0.965674
vt 0.089840 0.965674
vt 0.089840 0.965674
vt 0.089840 0.965674
vt 0.089840 0.965674
vt 0.089840 0.965674
vt 0.472755 0.973797
vt 0.472755 0.973797
vt 0.472755 0.973797
vt 0.472755 0.973797
vt 0.089840 0.965674
vt 0.089840 0.965674
vt 0.089840 0.965674
vt 0.089840 0.965674
vt 0.089840 0.965674
vt 0.089840 0.965674
vt 0.089840 0.965674
vt 0.089840 0.965674
vt 0.089840 0.965674
vt 0.472755 0.973797
vt 0.472755 0.973797
vt 0.089840 0.965674
vt 0.089840 0.965674
vt 0.089840 0.965674
vt 0.089840 0.965674
vt 0.089840 0.965674
vt 0.089840 0.965674
vt 0.089840 0.965674
vt 0.089840 0.965674
vt 0.089840 0.965674
vt 0.089840 0.965674
vt 0.089840 0.965674
vt 0.089840 0.965674
vt 0.089840 0.965674
vt 0.421092 0.961613
vt 0.421092 0.961613
vt 0.421092 0.961613
vt 0.421092 0.961613
vt 0.089840 0.965674
vt 0.089840 0.965674
vt 0.089840 0.965674
vt 0.089840 0.965674
vt 0.418053 0.957551
vt 0.418053 0.957551
vt 0.418053 0.957551
vt 0.418053 0.957551
vt 0.089840 0.965674
vt 0.089840 0.965674
vt 0.418053 0.957551
vt 0.418053 0.957551
vt 0.418053 0.957551
vt 0.418053 0.957551
vt 0.089840 0.965674
vt 0.089840 0.965674
vt 0.421092 0.961613
vt 0.421092 0.961613
vt 0.421092 0.961613
vt 0.421092 0.961613
vt 0.089840 0.965674
vt 0.089840 0.965674
vt 0.418053 0.957551
vt 0.418053 0.957551
vt 0.418053 0.957551
vt 0.418053 0.957551
vt 0.089840 0.965674
vt 0.089840 0.965674
vt 0.089840 0.965674
vt 0.089840 0.965674
vt 0.472755 0.973797
vt 0.472755 0.973797
vt 0.089840 0.965674
vt 0.089840 0.965674
vt 0.089840 0.965674
vt 0.089840 0.965674
vt 0.089840 0.965674
vt 0.472755 0.973797
vt 0.472755 0.973797
vt 0.472755 0.973797
vt 0.472755 0.973797
vt 0.472755 0.973797
vt 0.089840 0.965674
vt 0.089840 0.965674
vt 0.472755 0.973797
vt 0.472755 0.973797
vt 0.472755 0.973797
vt 0.089840 0.965674
vt 0.089840 0.965674
vt 0.089840 0.965674
vt 0.089840 0.965674
vt 0.089840 0.965674
vt 0.472755 0.973797
vt 0.472755 0.973797
vt 0.472755 0.973797
vt 0.089840 0.965674
vt 0.089840 0.965674
vt 0.472755 0.973797
vt 0.472755 0.973797
vt 0.418053 0.957551
vt 0.418053 0.957551
vt 0.421092 0.961613
vt 0.421092 0.961613
vt 0.421092 0.961613
vt 0.421092 0.961613
vt 0.418053 0.957551
vt 0.418053 0.957551
vt 0.418053 0.957551
vt 0.418053 0.957551
vt 0.418053 0.957551
vt 0.418053 0.957551
vt 0.418053 0.957551
vt 0.418053 0.957551
vt 0.418053 0.957551
vt 0.418053 0.957551
vt 0.089840 0.965674
vt 0.089840 0.965674
vt 0.089840 0.965674
vt 0.089840 0.965674
vt 0.089840 0.965674
vt 0.089840 0.965674
vt 0.089840 0.965674
vt 0.089840 0.965674
vt 0.089840 0.965674
vt 0.089840 0.965674
vt 0.421092 0.961613
vt 0.421092 0.961613
vt 0.421092 0.961613
vt 0.421092 0.961613
vt 0.418053 0.957551
vt 0.418053 0.957551
vt 0.418053 0.957551
vt 0.418053 0.957551
vt 0.421092 0.961613
vt 0.421092 0.961613
vt 0.089840 0.965674
vt 0.089840 0.965674
vt 0.089840 0.965674
vt 0.421092 0.961613
vt 0.421092 0.961613
vt 0.089840 0.965674
vt 0.089840 0.965674
vt 0.418053 0.957551
vt 0.418053 0.957551
vt 0.089840 0.965674
vt 0.089840 0.965674
vt 0.089840 0.965674
vt 0.089840 0.965674
vt 0.089840 0.965674
vt 0.089840 0.965674
vt 0.089840 0.965674
vt 0.089840 0.965674
vt 0.089840 0.965674
vt 0.421092 0.961613
vt 0.421092 0.961613
vt 0.472755 0.973797
vt 0.472755 0.973797
vt 0.421092 0.961613
vt 0.421092 0.961613
vt 0.472755 0.973797
vt 0.472755 0.973797
vt 0.421092 0.961613
vt 0.421092 0.961613
vt 0.421092 0.961613
vt 0.421092 0.961613
vt 0.418053 0.957551
vt 0.418053 0.957551
vt 0.421092 0.961613
vt 0.421092 0.961613
vt 0.472755 0.973797
vt 0.472755 0.973797
vt 0.472755 0.973797
vt 0.472755 0.973797
vt 0.472755 0.973797
vt 0.472755 0.973797
vt 0.472755 0.973797
vt 0.472755 0.973797
vt 0.472755 0.973797
vt 0.472755 0.973797
vt 0.472755 0.973797
vt 0.421092 0.961613
vt 0.421092 0.961613
vt 0.089840 0.965674
vt 0.089840 0.965674
vt 0.089840 0.965674
vt 0.089840 0.965674
vt 0.089840 0.965674
vt 0.089840 0.965674
vt 0.472755 0.973797
vt 0.472755 0.973797
vt 0.472755 0.973797
vt 0.472755 0.973797
vt 0.472755 0.973797
vt 0.472755 0.973797
vt 0.089840 0.965674
vt 0.089840 0.965674
vt 0.089840 0.965674
vt 0.089840 0.965674
vt 0.089840 0.965674
vt 0.089840 0.965674
vt 0.089840 0.965674
vt 0.089840 0.965674
vt 0.089840 0.965674
vt 0.089840 0.965674
vt 0.421092 0.965674
vt 0.421092 0.965674
vt 0.472755 0.973797
vt 0.472755 0.973797
vt 0.089840 0.965674
vt 0.089840 0.965674
vt 0.472755 0.973797
vt 0.089840 0.965674
vt 0.089840 0.965674
vt 0.089840 0.965674
vt 0.089840 0.965674
vt 0.472755 0.973797
vt 0.472755 0.973797
vt 0.089840 0.965674
vt 0.089840 0.965674
vt 0.472755 0.973797
vt 0.089840 0.965674
vt 0.089840 0.965674
vt 0.421092 0.965674
vt 0.421092 0.965674
vt 0.421092 0.965674
vt 0.421092 0.965674
vt 0.421092 0.965674
vt 0.421092 0.965674
vt 0.089840 0.965674
vt 0.089840 0.965674
vt 0.421092 0.965674
vt 0.421092 0.965674
vt 0.089840 0.965674
vt 0.089840 0.965674
vt 0.421092 0.965674
vt 0.421092 0.965674
vt 0.089840 0.965674
vt 0.089840 0.965674
vt 0.421092 0.965674
vt 0.421092 0.965674
vt 0.089840 0.965674
vt 0.089840 0.965674
vt 0.472755 0.973797
vt 0.472755 0.973797
vt 0.472755 0.973797
vt 0.472755 0.973797
vt 0.472755 0.973797
vt 0.472755 0.973797
vt 0.472755 0.973797
vt 0.472755 0.973797
vt 0.472755 0.973797
vt 0.472755 0.973797
vt 0.472755 0.973797
vt 0.472755 0.973797
vt 0.089840 0.965674
vt 0.089840 0.965674
vt 0.089840 0.965674
vt 0.089840 0.965674
vt 0.472755 0.973797
vt 0.472755 0.973797
vt 0.472755 0.973797
vt 0.472755 0.973797
vt 0.421092 0.969736
vt 0.421092 0.969736
vt 0.421092 0.969736
vt 0.472755 0.973797
vt 0.472755 0.973797
vt 0.472755 0.973797
vt 0.472755 0.973797
vt 0.089840 0.965674
vt 0.089840 0.965674
vt 0.089840 0.965674
vt 0.472755 0.973797
vt 0.472755 0.973797
vt 0.472755 0.973797
vt 0.472755 0.973797
vt 0.089840 0.965674
vt 0.089840 0.965674
vt 0.089840 0.965674
vt 0.089840 0.965674
vt 0.089840 0.965674
vt 0.089840 0.965674
vt 0.089840 0.965674
vt 0.089840 0.965674
vt 0.089840 0.965674
vt 0.089840 0.965674
vt 0.472755 0.973797
vt 0.472755 0.973797
vt 0.089840 0.965674
vt 0.089840 0.965674
vt 0.089840 0.965674
vt 0.089840 0.965674
vt 0.472755 0.973797
vt 0.472755 0.973797
vt 0.089840 0.965674
vt 0.089840 0.965674
vt 0.089840 0.965674
vt 0.089840 0.965674
vt 0.472755 0.973797
vt 0.472755 0.973797
vt 0.472755 0.973797
vt 0.472755 0.973797
vt 0.089840 0.965674
vt 0.089840 0.965674
vt 0.089840 0.965674
vt 0.089840 0.965674
vt 0.089840 0.965674
vt 0.089840 0.965674
vt 0.089840 0.965674
vt 0.089840 0.965674
vt 0.089840 0.965674
vt 0.089840 0.965674
vt 0.089840 0.965674
vt 0.089840 0.965674
vt 0.089840 0.965674
vt 0.089840 0.965674
vt 0.089840 0.965674
vt 0.089840 0.965674
vt 0.089840 0.965674
vt 0.089840 0.965674
vt 0.089840 0.965674
vt 0.089840 0.965674
vt 0.089840 0.965674
vt 0.089840 0.965674
vt 0.089840 0.965674
vt 0.089840 0.965674
vt 0.089840 0.965674
vt 0.089840 0.965674
vt 0.089840 0.965674
vt 0.089840 0.965674
vt 0.472755 0.973797
vt 0.472755 0.973797
vt 0.472755 0.973797
vt 0.472755 0.973797
vt 0.089840 0.965674
vt 0.089840 0.965674
vt 0.089840 0.965674
vt 0.089840 0.965674
vt 0.089840 0.965674
vt 0.089840 0.965674
vt 0.089840 0.965674
vt 0.089840 0.965674
vt 0.089840 0.965674
vt 0.472755 0.973797
vt 0.472755 0.973797
vt 0.089840 0.965674
vt 0.089840 0.965674
vt 0.089840 0.965674
vt 0.089840 0.965674
vt 0.089840 0.965674
vt 0.089840 0.965674
vt 0.089840 0.965674
vt 0.089840 0.965674
vt 0.089840 0.965674
vt 0.089840 0.965674
vt 0.089840 0.965674
vt 0.089840 0.965674
vt 0.089840 0.965674
vt 0.411975 0.957551
vt 0.411975 0.957551
vt 0.411975 0.957551
vt 0.411975 0.957551
vt 0.089840 0.965674
vt 0.089840 0.965674
vt 0.089840 0.965674
vt 0.089840 0.965674
vt 0.415014 0.965674
vt 0.415014 0.965674
vt 0.415014 0.965674
vt 0.415014 0.965674
vt 0.089840 0.965674
vt 0.089840 0.965674
vt 0.415014 0.965674
vt 0.415014 0.965674
vt 0.415014 0.965674
vt 0.415014 0.965674
vt 0.089840 0.965674
vt 0.089840 0.965674
vt 0.411975 0.957551
vt 0.411975 0.957551
vt 0.411975 0.957551
vt 0.411975 0.957551
vt 0.089840 0.965674
vt 0.089840 0.965674
vt 0.415014 0.965674
vt 0.415014 0.965674
vt 0.415014 0.965674
vt 0.415014 0.965674
vt 0.089840 0.965674
vt 0.089840 0.965674
vt 0.089840 0.965674
vt 0.089840 0.965674
vt 0.472755 0.973797
vt 0.472755 0.973797
vt 0.089840 0.965674
vt 0.089840 0.965674
vt 0.089840 0.965674
vt 0.089840 0.965674
vt 0.089840 0.965674
vt 0.472755 0.973797
vt 0.472755 0.973797
vt 0.472755 0.973797
vt 0.472755 0.973797
vt 0.472755 0.973797
vt 0.089840 0.965674
vt 0.089840 0.965674
vt 0.472755 0.973797
vt 0.472755 0.973797
vt 0.472755 0.973797
vt 0.089840 0.965674
vt 0.089840 0.965674
vt 0.089840 0.965674
vt 0.089840 0.965674
vt 0.089840 0.965674
vt 0.472755 0.973797
vt 0.472755 0.973797
vt 0.472755 0.973797
vt 0.089840 0.965674
vt 0.089840 0.965674
vt 0.472755 0.973797
vt 0.472755 0.973797
vt 0.415014 0.965674
vt 0.415014 0.965674
vt 0.411975 0.957551
vt 0.411975 0.957551
vt 0.411975 0.957551
vt 0.411975 0.957551
vt 0.415014 0.965674
vt 0.415014 0.965674
vt 0.415014 0.965674
vt 0.415014 0.965674
vt 0.415014 0.965674
vt 0.415014 0.965674
vt 0.415014 0.965674
vt 0.415014 0.965674
vt 0.415014 0.965674
vt 0.415014 0.965674
vt 0.089840 0.965674
vt 0.089840 0.965674
vt 0.089840 0.965674
vt 0.089840 0.965674
vt 0.089840 0.965674
vt 0.089840 0.965674
vt 0.089840 0.965674
vt 0.089840 0.965674
vt 0.089840 0.965674
vt 0.089840 0.965674
vt 0.411975 0.957551
vt 0.411975 0.957551
vt 0.411975 0.957551
vt 0.411975 0.957551
vt 0.415014 0.965674
vt 0.415014 0.965674
vt 0.415014 0.965674
vt 0.415014 0.965674
vt 0.411975 0.957551
vt 0.411975 0.957551
vt 0.089840 0.965674
vt 0.089840 0.965674
vt 0.089840 0.965674
vt 0.411975 0.957551
vt 0.411975 0.957551
vt 0.089840 0.965674
vt 0.089840 0.965674
vt 0.415014 0.965674
vt 0.415014 0.965674
vt 0.089840 0.965674
vt 0.089840 0.965674
vt 0.089840 0.965674
vt 0.089840 0.965674
vt 0.089840 0.965674
vt 0.089840 0.965674
vt 0.089840 0.965674
vt 0.089840 0.965674
vt 0.089840 0.965674
vt 0.411975 0.957551
vt 0.411975 0.957551
vt 0.472755 0.973797
vt 0.472755 0.973797
vt 0.411975 0.957551
vt 0.411975 0.957551
vt 0.472755 0.973797
vt 0.472755 0.973797
vt 0.411975 0.957551
vt 0.411975 0.957551
vt 0.411975 0.957551
vt 0.411975 0.957551
vt 0.415014 0.965674
vt 0.415014 0.965674
vt 0.411975 0.957551
vt 0.411975 0.957551
vt 0.472755 0.973797
vt 0.472755 0.973797
vt 0.472755 0.973797
vt 0.472755 0.973797
vt 0.472755 0.973797
vt 0.472755 0.973797
vt 0.472755 0.973797
vt 0.472755 0.973797
vt 0.472755 0.973797
vt 0.472755 0.973797
vt 0.472755 0.973797
vt 0.411975 0.957551
vt 0.411975 0.957551
vt 0.089840 0.965674
vt 0.089840 0.965674
vt 0.089840 0.965674
vt 0.089840 0.965674
vt 0.089840 0.965674
vt 0.089840 0.965674
vt 0.472755 0.973797
vt 0.472755 0.973797
vt 0.472755 0.973797
vt 0.472755 0.973797
vt 0.472755 0.973797
vt 0.472755 0.973797
vt 0.089840 0.965674
vt 0.089840 0.965674
vt 0.089840 0.965674
vt 0.089840 0.965674
vt 0.089840 0.965674
vt 0.089840 0.965674
vt 0.089840 0.965674
vt 0.089840 0.965674
vt 0.089840 0.965674
vt 0.089840 0.965674
vt 0.421092 0.969736
vt 0.421092 0.969736
vt 0.472755 0.973797
vt 0.472755 0.973797
vt 0.089840 0.965674
vt 0.089840 0.965674
vt 0.472755 0.973797
vt 0.089840 0.965674
vt 0.089840 0.965674
vt 0.089840 0.965674
vt 0.089840 0.965674
vt 0.472755 0.973797
vt 0.472755 0.973797
vt 0.089840 0.965674
vt 0.089840 0.965674
vt 0.472755 0.973797
vt 0.089840 0.965674
vt 0.089840 0.965674
vt 0.421092 0.969736
vt 0.421092 0.969736
vt 0.421092 0.969736
vt 0.421092 0.969736
vt 0.421092 0.969736
vt 0.421092 0.969736
vt 0.089840 0.965674
vt 0.089840 0.965674
vt 0.421092 0.969736
vt 0.421092 0.969736
vt 0.089840 0.965674
vt 0.089840 0.965674
vt 0.421092 0.969736
vt 0.421092 0.969736
vt 0.089840 0.965674
vt 0.089840 0.965674
vt 0.421092 0.969736
vt 0.421092 0.969736
vt 0.089840 0.965674
vt 0.089840 0.965674
vt 0.149973 0.706682
vt 0.149974 0.706681
vt 0.149974 0.706682
vt 0.149973 0.706682
vt 0.150624 0.708640
vt 0.151026 0.708810
vt 0.151113 0.710478
vt 0.149890 0.710611
vt 0.150205 0.706646
vt 0.150155 0.706861
vt 0.150034 0.706741
vt 0.150049 0.706671
vt 0.151386 0.708073
vt 0.151565 0.707760
vt 0.151698 0.708061
vt 0.151578 0.708261
vt 0.154152 0.708721
vt 0.153739 0.710339
vt 0.152813 0.709451
vt 0.152988 0.708963
vt 0.150015 0.706986
vt 0.149988 0.706782
vt 0.010009 0.963020
vt 0.009838 0.962968
vt 0.009938 0.962901
vt 0.009963 0.962915
vt 0.149973 0.706682
vt 0.149973 0.706682
vt 0.149973 0.706682
vt 0.149973 0.706682
vt 0.010340 0.962330
vt 0.010210 0.962135
vt 0.010332 0.962156
vt 0.010350 0.962201
vt 0.149974 0.706681
vt 0.149974 0.706681
vt 0.149974 0.706681
vt 0.149974 0.706681
vt 0.150731 0.706465
vt 0.150427 0.706417
vt 0.150425 0.706387
vt 0.150736 0.706427
vt 0.151030 0.708749
vt 0.150645 0.708585
vt 0.150927 0.708122
vt 0.151215 0.708397
vt 0.151376 0.708782
vt 0.151805 0.709959
vt 0.150609 0.706964
vt 0.150365 0.706466
vt 0.150381 0.706435
vt 0.150401 0.706420
vt 0.151108 0.707800
vt 0.160549 0.702388
vt 0.161647 0.702388
vt 0.161647 0.705347
vt 0.160549 0.705347
vt 0.150032 0.707741
vt 0.150005 0.707760
vt 0.149888 0.707341
vt 0.149910 0.707335
vt 0.150196 0.706625
vt 0.150350 0.706448
vt 0.149928 0.707240
vt 0.149910 0.707226
vt 0.149998 0.706981
vt 0.151761 0.707425
vt 0.151542 0.706957
vt 0.151576 0.706912
vt 0.151803 0.707403
vt 0.152725 0.711385
vt 0.152523 0.709829
vt 0.151282 0.707470
vt 0.149972 0.706680
vt 0.149973 0.706679
vt 0.149973 0.706681
vt 0.149973 0.706681
vt 0.149973 0.706682
vt 0.149974 0.706681
vt 0.149973 0.706682
vt 0.149973 0.706682
vt 0.149973 0.706682
vt 0.149973 0.706682
vt 0.149973 0.706682
vt 0.149973 0.706682
vt 0.149973 0.706682
vt 0.149973 0.706682
vt 0.149973 0.706682
vt 0.149973 0.706682
vt 0.149973 0.706682
vt 0.162746 0.702388
vt 0.162746 0.705347
vt 0.149975 0.706681
vt 0.149975 0.706683
vt 0.150498 0.707206
vt 0.149333 0.707735
vt 0.148638 0.707027
vt 0.149643 0.706751
vt 0.149582 0.707132
vt 0.149599 0.707180
vt 0.149597 0.707223
vt 0.149583 0.707262
vt 0.151885 0.707849
vt 0.151845 0.707852
vt 0.150356 0.707417
vt 0.152991 0.706969
vt 0.152849 0.708013
vt 0.149974 0.706681
vt 0.149974 0.706681
vt 0.149973 0.706684
vt 0.149971 0.706682
vt 0.149973 0.706681
vt 0.149973 0.706681
vt 0.149973 0.706681
vt 0.149973 0.706682
vt 0.150049 0.706663
vt 0.149956 0.706557
vt 0.149929 0.706242
vt 0.149973 0.706682
vt 0.149638 0.706660
vt 0.149705 0.706414
vt 0.149895 0.706604
vt 0.149877 0.706669
vt 0.149973 0.706684
vt 0.149972 0.706683
vt 0.149973 0.706682
vt 0.149973 0.706682
vt 0.149973 0.706682
vt 0.149879 0.706695
vt 0.149982 0.706783
vt 0.149998 0.706674
vt 0.149966 0.706638
vt 0.149975 0.706681
vt 0.149980 0.706679
vt 0.149972 0.706670
vt 0.149940 0.706685
vt 0.149975 0.706715
vt 0.149974 0.706679
vt 0.149959 0.706639
vt 0.149946 0.706654
vt 0.149937 0.706562
vt 0.149970 0.706670
vt 0.149966 0.706675
vt 0.149974 0.706691
vt 0.149973 0.706691
vt 0.149977 0.706715
vt 0.149993 0.706701
vt 0.149998 0.706677
vt 0.149979 0.706687
vt 0.149980 0.706679
vt 0.149939 0.706676
vt 0.149964 0.706681
vt 0.149965 0.706684
vt 0.149862 0.706259
vt 0.149973 0.706681
vt 0.149974 0.706681
vt 0.149973 0.706681
vt 0.149973 0.706681
vt 0.149973 0.706682
vt 0.149973 0.706682
vt 0.149973 0.706682
vt 0.149973 0.706682
vt 0.149973 0.706682
vt 0.149973 0.706682
vt 0.149973 0.706682
vt 0.149973 0.706682
vt 0.149973 0.706682
vt 0.149973 0.706682
vt 0.149973 0.706682
vt 0.149973 0.706682
vt 0.149974 0.706681
vt 0.149973 0.706681
vt 0.149974 0.706679
vt 0.149972 0.706670
vt 0.149973 0.706679
vt 0.149971 0.706670
vt 0.149964 0.706638
vt 0.149962 0.706638
vt 0.149949 0.706558
vt 0.149943 0.706559
vt 0.149939 0.706679
vt 0.149877 0.706678
vt 0.149939 0.706682
vt 0.149878 0.706687
vt 0.149964 0.706682
vt 0.149964 0.706683
vt 0.149971 0.706682
vt 0.149971 0.706683
vt 0.149906 0.706245
vt 0.149884 0.706250
vt 0.149639 0.706721
vt 0.149637 0.706690
vt 0.150227 0.721833
vt 0.160542 0.702455
vt 0.160542 0.716857
vt 0.150587 0.705523
vt 0.150277 0.706031
vt 0.150254 0.706059
vt 0.150223 0.706071
vt 0.150182 0.706065
vt 0.149860 0.704870
vt 0.152658 0.705553
vt 0.150925 0.707176
vt 0.151124 0.706593
vt 0.150779 0.707480
vt 0.150608 0.707759
vt 0.151141 0.706542
vt 0.150252 0.708192
vt 0.150222 0.708230
vt 0.151393 0.704970
vt 0.149386 0.696853
vt 0.149289 0.705993
vt 0.149248 0.706071
vt 0.149181 0.706114
vt 0.148869 0.705930
vt 0.148986 0.705678
vt 0.161647 0.705354
vt 0.162746 0.705354
vt 0.162679 0.707485
vt 0.161647 0.707485
vt 0.149131 0.708987
vt 0.143300 0.708652
vt 0.160615 0.707485
vt 0.160549 0.705354
vt 0.149141 0.705470
vt 0.148700 0.705358
vt 0.148892 0.705185
vt 0.150370 0.706419
vt 0.150395 0.706399
vt 0.149910 0.707270
vt 0.149895 0.707261
vt 0.149905 0.707301
vt 0.149888 0.707299
vt 0.151709 0.708389
vt 0.151787 0.708262
vt 0.151927 0.708525
vt 0.151899 0.708572
vt 0.152598 0.708475
vt 0.152571 0.708935
vt 0.152198 0.708785
vt 0.152216 0.708701
vt 0.151598 0.708739
vt 0.151586 0.708699
vt 0.151854 0.708681
vt 0.151862 0.708703
vt 0.151643 0.708527
vt 0.151874 0.708624
vt 0.152488 0.709139
vt 0.152175 0.708838
vt 0.152052 0.709491
vt 0.152090 0.708934
vt 0.152370 0.709309
vt 0.152144 0.708885
vt 0.151365 0.708728
vt 0.151472 0.708475
vt 0.152024 0.708669
vt 0.152015 0.708684
vt 0.152084 0.708733
vt 0.152087 0.708716
vt 0.152001 0.708724
vt 0.152006 0.708736
vt 0.152007 0.708701
vt 0.152079 0.708746
vt 0.152060 0.708765
vt 0.152072 0.708756
vt 0.151891 0.708138
vt 0.151962 0.708482
vt 0.151923 0.708141
vt 0.151980 0.708485
vt 0.152053 0.708718
vt 0.152052 0.708719
vt 0.152050 0.708723
vt 0.152051 0.708724
vt 0.152055 0.708720
vt 0.152056 0.708719
vt 0.152051 0.708721
vt 0.152054 0.708722
vt 0.152052 0.708725
vt 0.152053 0.708723
vt 0.152039 0.708654
vt 0.152049 0.708656
vt 0.149847 0.706079
vt 0.149812 0.706092
vt 0.149786 0.705979
vt 0.149676 0.704911
vt 0.149732 0.704893
vt 0.148580 0.705648
vt 0.149796 0.704880
vt 0.149086 0.699375
vt 0.148584 0.698218
vt 0.148626 0.706942
vt 0.143958 0.707346
vt 0.144895 0.707600
vt 0.149507 0.706741
vt 0.149338 0.705919
vt 0.149352 0.705821
vt 0.149530 0.706450
vt 0.149504 0.706641
vt 0.149414 0.706637
vt 0.149504 0.706689
vt 0.148619 0.706855
vt 0.148616 0.706780
vt 0.149885 0.706070
vt 0.145094 0.706474
vt 0.145705 0.702198
vt 0.143591 0.700274
vt 0.145016 0.701540
vt 0.144467 0.706185
vt 0.144308 0.706699
vt 0.148216 0.698920
vt 0.147896 0.699312
vt 0.148295 0.700019
vt 0.144970 0.707017
vt 0.148666 0.699676
vt 0.161793 0.697764
vt 0.161812 0.697732
vt 0.162327 0.698281
vt 0.162304 0.698243
vt 0.161774 0.697787
vt 0.162287 0.698203
vt 0.162630 0.698523
vt 0.162633 0.698459
vt 0.162813 0.698326
vt 0.162744 0.698789
vt 0.162840 0.698583
vt 0.162784 0.698635
vt 0.161405 0.697589
vt 0.161531 0.697639
vt 0.162197 0.698156
vt 0.162184 0.698232
vt 0.161846 0.697642
vt 0.162382 0.698289
vt 0.162227 0.696853
vt 0.161978 0.697224
vt 0.161886 0.697508
vt 0.161735 0.697831
vt 0.161387 0.696853
vt 0.161606 0.697688
vt 0.162213 0.698120
vt 0.162456 0.698294
vt 0.161650 0.697740
vt 0.162224 0.698145
vt 0.161125 0.697601
vt 0.160549 0.697688
vt 0.161687 0.697792
vt 0.162169 0.698470
vt 0.162217 0.698807
vt 0.162236 0.698182
vt 0.162260 0.698191
vt 0.162612 0.698272
vt 0.162661 0.698242
vt 0.162645 0.698254
vt 0.162988 0.698307
vt 0.163024 0.698260
vt 0.162633 0.698585
vt 0.162659 0.698625
vt 0.162928 0.698861
vt 0.162910 0.698793
vt 0.162709 0.698346
vt 0.162727 0.698402
vt 0.162682 0.698250
vt 0.162694 0.698656
vt 0.162636 0.698309
vt 0.162630 0.698371
vt 0.162758 0.698639
vt 0.162632 0.698415
vt 0.162957 0.698916
vt 0.163027 0.698899
vt 0.163433 0.699293
vt 0.163360 0.699315
vt 0.162942 0.698548
vt 0.162932 0.698616
vt 0.163367 0.698807
vt 0.163383 0.698708
vt 0.162968 0.698390
vt 0.162953 0.698479
vt 0.163061 0.698871
vt 0.163140 0.698357
vt 0.163188 0.698653
vt 0.163066 0.698234
vt 0.163118 0.698304
vt 0.162918 0.698705
vt 0.163689 0.698254
vt 0.163638 0.698230
vt 0.166724 0.698997
vt 0.166737 0.698952
vt 0.163437 0.698459
vt 0.163404 0.698610
vt 0.166557 0.699718
vt 0.166596 0.699515
vt 0.163341 0.698961
vt 0.163698 0.698821
vt 0.163324 0.699113
vt 0.163485 0.699306
vt 0.163334 0.699223
vt 0.163478 0.698315
vt 0.163526 0.698226
vt 0.163583 0.698162
vt 0.166674 0.699150
vt 0.166637 0.699311
vt 0.171717 0.701125
vt 0.171665 0.700940
vt 0.166433 0.700338
vt 0.166405 0.700502
vt 0.171400 0.702270
vt 0.171514 0.702145
vt 0.166386 0.700716
vt 0.166392 0.700669
vt 0.166537 0.699826
vt 0.166712 0.698996
vt 0.166515 0.699932
vt 0.166381 0.700662
vt 0.166473 0.700134
vt 0.166624 0.699857
vt 0.171302 0.701523
vt 0.171866 0.701724
vt 0.171734 0.701853
vt 0.171624 0.702000
vt 0.171268 0.702316
vt 0.171135 0.702332
vt 0.171036 0.702381
vt 0.171458 0.700710
vt 0.171568 0.700812
vt 0.171759 0.701323
vt 0.171800 0.701524
vt 0.171391 0.700601
vt 0.152052 0.708722
vt 0.152055 0.708717
vt 0.152054 0.708719
vt 0.152054 0.708716
vt 0.152053 0.708721
vt 0.095111 0.840006
vt 0.095111 0.840006
vt 0.095111 0.840006
vt 0.095111 0.840006
vt 0.095111 0.840006
vt 0.095111 0.840006
vt 0.095111 0.840006
vt 0.095111 0.840006
vt 0.095111 0.840006
vt 0.095111 0.840006
vt 0.095111 0.840006
vt 0.095111 0.840006
vt 0.095111 0.840006
vt 0.095111 0.840006
vt 0.095111 0.840006
vt 0.095111 0.840006
vt 0.219711 0.766899
vt 0.219711 0.766899
vt 0.219711 0.766899
vt 0.219711 0.766899
vt 0.219711 0.766899
vt 0.219711 0.766899
vt 0.219711 0.766899
vt 0.219711 0.766899
vt 0.219711 0.766899
vt 0.219711 0.766899
vt 0.219711 0.766899
vt 0.219711 0.766899
vt 0.219711 0.766899
vt 0.219711 0.766899
vt 0.219711 0.766899
vt 0.219711 0.766899
vt 0.219711 0.766899
vt 0.219711 0.766899
vt 0.219711 0.766899
vt 0.219711 0.766899
vt 0.344310 0.831883
vt 0.344310 0.831883
vt 0.344310 0.831883
vt 0.344310 0.831883
vt 0.344310 0.831883
vt 0.344310 0.831883
vt 0.344310 0.831883
vt 0.344310 0.831883
vt 0.344310 0.831883
vt 0.344310 0.831883
vt 0.344310 0.831883
vt 0.344310 0.831883
vt 0.344310 0.831883
vt 0.344310 0.831883
vt 0.344310 0.831883
vt 0.344310 0.831883
vt 0.344310 0.831883
vt 0.344310 0.831883
vt 0.344310 0.831883
vt 0.344310 0.831883
vt 0.095111 0.835944
vt 0.095111 0.835944
vt 0.095111 0.835944
vt 0.095111 0.835944
vt 0.095111 0.835944
vt 0.095111 0.835944
vt 0.095111 0.835944
vt 0.095111 0.835944
vt 0.089033 0.710038
vt 0.089033 0.710038
vt 0.089033 0.710038
vt 0.089033 0.710038
vt 0.089033 0.710038
vt 0.089033 0.710038
vt 0.089033 0.710038
vt 0.089033 0.710038
vt 0.326076 0.831882
vt 0.326076 0.831882
vt 0.326076 0.831882
vt 0.326076 0.831882
vt 0.326076 0.831882
vt 0.326076 0.831882
vt 0.326076 0.831882
vt 0.326076 0.831882
vt 0.326076 0.831882
vt 0.326076 0.831882
vt 0.326076 0.831882
vt 0.326076 0.831882
vt 0.326076 0.831882
vt 0.326076 0.831882
vt 0.326076 0.831882
vt 0.326076 0.831882
vt 0.326076 0.831882
vt 0.326076 0.831882
vt 0.326076 0.831882
vt 0.326076 0.831882
vt 0.326076 0.831882
vt 0.326076 0.831882
vt 0.326076 0.831882
vt 0.326076 0.831882
vt 0.326076 0.831882
vt 0.326076 0.831882
vt 0.326076 0.831882
vt 0.326076 0.831882
vt 0.326076 0.831882
vt 0.326076 0.831882
vt 0.326076 0.831882
vt 0.326076 0.831882
vt 0.326076 0.831882
vt 0.326076 0.831882
vt 0.326076 0.831882
vt 0.326076 0.831882
vt 0.326076 0.831882
vt 0.326076 0.831882
vt 0.326076 0.831882
vt 0.326076 0.831882
vt 0.326076 0.831882
vt 0.326076 0.831882
vt 0.326076 0.831882
vt 0.326076 0.831882
vt 0.326076 0.831882
vt 0.326076 0.831882
vt 0.326076 0.831882
vt 0.326076 0.831882
vt 0.326076 0.831882
vt 0.326076 0.831882
vt 0.326076 0.831882
vt 0.326076 0.831882
vt 0.326076 0.831882
vt 0.326076 0.831882
vt 0.326076 0.831882
vt 0.326076 0.831882
vt 0.326076 0.831882
vt 0.326076 0.831882
vt 0.326076 0.831882
vt 0.326076 0.831882
vt 0.326076 0.831882
vt 0.326076 0.831882
vt 0.326076 0.831882
vt 0.326076 0.831882
vt 0.010065 0.962825
vt 0.009980 0.962883
vt 0.010466 0.962208
vt 0.010373 0.962177
vt 0.010377 0.962012
vt 0.010361 0.962144
vt 0.009884 0.962715
vt 0.009945 0.962858
vt 0.149951 0.706249
vt 0.150129 0.706509
vt 0.150179 0.706086
vt 0.149595 0.707121
vt 0.149821 0.707187
vt 0.150294 0.706346
vt 0.149653 0.706777
vt 0.149895 0.706930
vt 0.149882 0.706937
vt 0.149663 0.706801
vt 0.149870 0.706944
vt 0.149671 0.706823
vt 0.149859 0.706952
vt 0.149678 0.706842
vt 0.149971 0.706254
vt 0.150131 0.706490
vt 0.149989 0.706258
vt 0.150133 0.706473
vt 0.150004 0.706262
vt 0.150135 0.706457
vt 0.150260 0.706335
vt 0.150171 0.706139
vt 0.150173 0.706123
vt 0.150271 0.706339
vt 0.150176 0.706105
vt 0.150282 0.706342
vt 0.149632 0.707095
vt 0.149803 0.707147
vt 0.149809 0.707160
vt 0.149621 0.707103
vt 0.149815 0.707173
vt 0.149608 0.707112
vt 0.219711 0.775022
vt 0.219711 0.775022
vt 0.219711 0.775022
vt 0.219711 0.775022
vt 0.219711 0.775022
vt 0.219711 0.775022
vt 0.219711 0.775022
vt 0.219711 0.775022
vt 0.219711 0.775022
vt 0.219711 0.775022
vt 0.219711 0.775022
vt 0.219711 0.775022
vt 0.219711 0.775022
vt 0.219711 0.775022
vt 0.219711 0.775022
vt 0.219711 0.775022
vt 0.219711 0.775022
vt 0.219711 0.775022
vt 0.095111 0.840006
vt 0.095111 0.840006
vt 0.095111 0.840006
vt 0.095111 0.840006
vt 0.095111 0.840006
vt 0.095111 0.840006
vt 0.095111 0.840006
vt 0.095111 0.840006
vt 0.095111 0.840006
vt 0.095111 0.840006
vt 0.095111 0.840006
vt 0.095111 0.840006
vt 0.095111 0.840006
vt 0.095111 0.840006
vt 0.095111 0.840006
vt 0.095111 0.840006
vt 0.095111 0.840006
vt 0.095111 0.840006
vt 0.523611 0.974034
vt 0.523611 0.974034
vt 0.523611 0.974034
vt 0.523611 0.974034
vt 0.095111 0.840006
vt 0.095111 0.840006
vt 0.219711 0.775022
vt 0.219711 0.775022
vt 0.219711 0.775022
vt 0.219711 0.775022
vt 0.219711 0.775022
vt 0.219711 0.775022
vt 0.219711 0.775022
vt 0.219711 0.775022
vt 0.219711 0.775022
vt 0.219711 0.775022
vt 0.219711 0.775022
vt 0.219711 0.775022
vt 0.219711 0.775022
vt 0.219711 0.775022
vt 0.219711 0.775022
vt 0.219711 0.775022
vt 0.219711 0.775022
vt 0.219711 0.775022
vt 0.095111 0.840006
vt 0.095111 0.840006
vt 0.095111 0.840006
vt 0.095111 0.840006
vt 0.095111 0.840006
vt 0.095111 0.840006
vt 0.095111 0.840006
vt 0.095111 0.840006
vt 0.095111 0.840006
vt 0.095111 0.840006
vt 0.095111 0.840006
vt 0.095111 0.840006
vt 0.095111 0.840006
vt 0.095111 0.840006
vt 0.095111 0.840006
vt 0.095111 0.840006
vt 0.095111 0.840006
vt 0.095111 0.840006
vt 0.523611 0.974034
vt 0.523611 0.974034
vt 0.523611 0.974034
vt 0.523611 0.974034
vt 0.095111 0.840006
vt 0.095111 0.840006
vt 0.149602 0.706312
vt 0.149681 0.706176
vt 0.152853 0.019587
vt 0.152853 0.019587
vt 0.152853 0.019587
vt 0.152853 0.019587
vt 0.152853 0.019587
vt 0.152853 0.019587
vt 0.152853 0.019587
vt 0.152853 0.019587
vt 0.152853 0.019587
vt 0.152853 0.019587
vt 0.152853 0.019587
vt 0.152853 0.019587
vt 0.152853 0.019587
vt 0.152853 0.019587
vt 0.152853 0.019587
vt 0.152853 0.019587
vt 0.152853 0.019587
vt 0.152853 0.019587
vt 0.152853 0.019587
vt 0.152853 0.019587
vt 0.152853 0.019587
vt 0.152853 0.019587
vt 0.152853 0.019587
vt 0.152853 0.019587
vt 0.152853 0.019587
vt 0.152853 0.019587
vt 0.152853 0.019587
vt 0.152853 0.019587
vt 0.152853 0.019587
vt 0.152853 0.019587
vt 0.152853 0.019587
vt 0.152853 0.019587
vt 0.152853 0.019587
vt 0.152853 0.019587
vt 0.152853 0.019587
vt 0.152853 0.019587
vt 0.152853 0.019587
vt 0.152853 0.019587
vt 0.152853 0.019587
vt 0.152853 0.019587
vt 0.152853 0.019587
vt 0.152853 0.019587
vt 0.152853 0.019587
vt 0.152853 0.019587
vt 0.152853 0.019587
vt 0.152853 0.019587
vt 0.152853 0.019587
vt 0.152853 0.019587
vt 0.152853 0.019587
vt 0.152853 0.019587
vt 0.152853 0.019587
vt 0.152853 0.019587
vt 0.152853 0.019587
vt 0.152853 0.019587
vt 0.152853 0.019587
vt 0.152853 0.019587
vt 0.152853 0.019587
vt 0.152853 0.019587
vt 0.152853 0.019587
vt 0.152853 0.019587
vt 0.152853 0.019587
vt 0.152853 0.019587
vt 0.152853 0.019587
vt 0.152853 0.019587
vt 0.152853 0.019587
vt 0.152853 0.019587
vt 0.152853 0.019587
vt 0.152853 0.019587
vt 0.152853 0.019587
vt 0.152853 0.019587
vt 0.152853 0.019587
vt 0.152853 0.019587
vt 0.152853 0.019587
vt 0.152853 0.019587
vt 0.152853 0.019587
vt 0.152853 0.019587
vt 0.152853 0.019587
vt 0.152853 0.019587
vt 0.152853 0.019587
vt 0.152853 0.019587
vt 0.152853 0.019587
vt 0.152853 0.019587
vt 0.152853 0.019587
vt 0.152853 0.019587
vt 0.152853 0.019587
vt 0.152853 0.019587
vt 0.152853 0.019587
vt 0.152853 0.019587
vt 0.152853 0.019587
vt 0.152853 0.019587
vt 0.152853 0.019587
vt 0.152853 0.019587
vt 0.152853 0.019587
vt 0.152853 0.019587
vt 0.152853 0.019587
vt 0.152853 0.019587
vt 0.152853 0.019587
vt 0.152853 0.019587
vt 0.347349 0.961850
vt 0.347349 0.961850
vt 0.347349 0.961850
vt 0.036134 0.971655
vt 0.036134 0.971655
vt 0.036134 0.971655
vt 0.036134 0.971655
vt 0.347349 0.961850
vt 0.347349 0.961850
vt 0.347349 0.961850
vt 0.347349 0.961850
vt 0.347349 0.961850
vt 0.347349 0.961850
vt 0.347349 0.961850
vt 0.347349 0.961850
vt 0.036134 0.971655
vt 0.036134 0.971655
vt 0.036134 0.971655
vt 0.347349 0.961850
vt 0.347349 0.961850
vt 0.347349 0.961850
vt 0.347349 0.961850
vt 0.347349 0.961850
vt 0.347349 0.961850
vt 0.347349 0.961850
vt 0.347349 0.961850
vt 0.347349 0.961850
vt 0.347349 0.961850
vt 0.347349 0.961850
vt 0.347349 0.961850
vt 0.347349 0.961850
vt 0.347349 0.961850
vt 0.347349 0.961850
vt 0.347349 0.961850
vt 0.347349 0.961850
vt 0.347349 0.961850
vt 0.347349 0.961850
vt 0.347349 0.961850
vt 0.347349 0.961850
vt 0.347349 0.961850
vt 0.347349 0.961850
vt 0.347349 0.961850
vt 0.347349 0.961850
vt 0.347349 0.961850
vt 0.347349 0.961850
vt 0.347349 0.961850
vt 0.347349 0.961850
vt 0.347349 0.961850
vt 0.347349 0.961850
vt 0.347349 0.961850
vt 0.347349 0.961850
vt 0.347349 0.961850
vt 0.347349 0.961850
vt 0.347349 0.961850
vt 0.347349 0.961850
vt 0.347349 0.961850
vt 0.347349 0.961850
vt 0.347349 0.961850
vt 0.347349 0.961850
vt 0.347349 0.961850
vt 0.347349 0.961850
vt 0.347349 0.961850
vt 0.347349 0.961850
vt 0.347349 0.961850
vt 0.347349 0.961850
vt 0.347349 0.961850
vt 0.347349 0.961850
vt 0.347349 0.961850
vt 0.347349 0.961850
vt 0.347349 0.961850
vt 0.347349 0.961850
vt 0.347349 0.961850
vt 0.347349 0.961850
vt 0.347349 0.961850
vt 0.347349 0.961850
vt 0.347349 0.961850
vt 0.347349 0.961850
vt 0.347349 0.961850
vt 0.347349 0.961850
vt 0.347349 0.961850
vt 0.347349 0.961850
vt 0.036134 0.971655
vt 0.036134 0.971655
vt 0.347349 0.961850
vt 0.347349 0.961850
vt 0.347349 0.961850
vt 0.347349 0.961850
vt 0.347349 0.961850
vt 0.347349 0.961850
vt 0.347349 0.961850
vt 0.036134 0.971655
vt 0.036134 0.971655
vt 0.347349 0.961850
vt 0.347349 0.961850
vt 0.347349 0.961850
vt 0.347349 0.961850
vt 0.347349 0.961850
vt 0.347349 0.961850
vt 0.347349 0.961850
vt 0.347349 0.961850
vt 0.347349 0.961850
vt 0.347349 0.961850
vt 0.347349 0.961850
vt 0.347349 0.961850
vt 0.347349 0.961850
vt 0.347349 0.961850
vt 0.347349 0.961850
vt 0.347349 0.961850
vt 0.347349 0.961850
vt 0.347349 0.961850
vt 0.347349 0.961850
vt 0.347349 0.961850
vt 0.347349 0.961850
vt 0.347349 0.961850
vt 0.347349 0.961850
vt 0.347349 0.961850
vt 0.347349 0.961850
vt 0.347349 0.961850
vt 0.347349 0.961850
vt 0.347349 0.961850
vt 0.347349 0.961850
vt 0.347349 0.961850
vt 0.347349 0.961850
vt 0.347349 0.961850
vt 0.347349 0.961850
vt 0.347349 0.961850
vt 0.347349 0.961850
vt 0.347349 0.961850
vt 0.347349 0.961850
vt 0.347349 0.961850
vt 0.347349 0.961850
vt 0.347349 0.961850
vt 0.347349 0.961850
vt 0.347349 0.961850
vt 0.347349 0.961850
vt 0.347349 0.961850
vt 0.347349 0.961850
vt 0.347349 0.961850
vt 0.347349 0.961850
vt 0.347349 0.961850
vt 0.347349 0.961850
vt 0.347349 0.961850
vt 0.347349 0.961850
vt 0.347349 0.961850
vt 0.347349 0.961850
vt 0.036134 0.971655
vt 0.036134 0.971655
vt 0.036134 0.971655
vt 0.036134 0.971655
vt 0.347349 0.961850
vt 0.347349 0.961850
vt 0.347349 0.961850
vt 0.347349 0.961850
vt 0.347349 0.961850
vt 0.347349 0.961850
vt 0.347349 0.961850
vt 0.347349 0.961850
vt 0.347349 0.961850
vt 0.347349 0.961850
vt 0.347349 0.961850
vt 0.347349 0.961850
vt 0.347349 0.961850
vt 0.347349 0.961850
vt 0.347349 0.961850
vt 0.347349 0.961850
vt 0.347349 0.961850
vt 0.347349 0.961850
vt 0.347349 0.961850
vt 0.347349 0.961850
vt 0.347349 0.961850
vt 0.347349 0.961850
vt 0.347349 0.961850
vt 0.347349 0.961850
vt 0.347349 0.961850
vt 0.347349 0.961850
vt 0.347349 0.961850
vt 0.347349 0.961850
vt 0.347349 0.961850
vt 0.347349 0.961850
vt 0.347349 0.961850
vt 0.347349 0.961850
vt 0.347349 0.961850
vt 0.347349 0.961850
vt 0.347349 0.961850
vt 0.347349 0.961850
vt 0.347349 0.961850
vt 0.347349 0.961850
vt 0.347349 0.961850
vt 0.347349 0.961850
vt 0.347349 0.961850
vt 0.347349 0.961850
vt 0.347349 0.961850
vt 0.347349 0.961850
vt 0.347349 0.961850
vt 0.347349 0.961850
vt 0.347349 0.961850
vt 0.347349 0.961850
vt 0.347349 0.961850
vt 0.347349 0.961850
vt 0.347349 0.961850
vt 0.347349 0.961850
vt 0.347349 0.961850
vt 0.347349 0.961850
vt 0.347349 0.961850
vt 0.347349 0.961850
vt 0.347349 0.961850
vt 0.347349 0.961850
vt 0.347349 0.961850
vt 0.347349 0.961850
vt 0.347349 0.961850
vt 0.347349 0.961850
vt 0.347349 0.961850
vt 0.347349 0.961850
vt 0.347349 0.961850
vt 0.347349 0.961850
vt 0.347349 0.961850
vt 0.347349 0.961850
vt 0.347349 0.961850
vt 0.347349 0.961850
vt 0.347349 0.961850
vt 0.347349 0.961850
vt 0.036134 0.971655
vt 0.036134 0.971655
vt 0.036134 0.971655
vt 0.036134 0.971655
vt 0.036134 0.971655
vt 0.036134 0.971655
vt 0.036134 0.971655
vt 0.036134 0.971655
vt 0.036134 0.971655
vt 0.036134 0.971655
vt 0.036134 0.971655
vt 0.036134 0.971655
vt 0.036134 0.971655
vt 0.036134 0.971655
vt 0.036134 0.971655
vt 0.036134 0.971655
vt 0.036134 0.971655
vt 0.036134 0.971655
vt 0.036134 0.971655
vt 0.036134 0.971655
vt 0.036134 0.971655
vt 0.036134 0.971655
vt 0.036134 0.971655
vt 0.036134 0.971655
vt 0.036134 0.971655
vt 0.036134 0.971655
vt 0.036134 0.971655
vt 0.036134 0.971655
vt 0.036134 0.971655
vt 0.036134 0.971655
vt 0.036134 0.971655
vt 0.036134 0.971655
vt 0.036134 0.971655
vt 0.036134 0.971655
vt 0.036134 0.971655
vt 0.036134 0.971655
vt 0.036134 0.971655
vt 0.036134 0.971655
vt 0.036134 0.971655
vt 0.036134 0.971655
vt 0.036134 0.971655
vt 0.036134 0.971655
vt 0.036134 0.971655
vt 0.035621 0.970119
vt 0.035621 0.970119
vt 0.035621 0.970119
vt 0.035621 0.970119
vt 0.035621 0.970119
vt 0.035621 0.970119
vt 0.036134 0.971655
vt 0.036134 0.971655
vt 0.036134 0.971655
vt 0.036134 0.971655
vt 0.036134 0.971655
vt 0.036134 0.971655
vt 0.036134 0.971655
vt 0.036134 0.971655
vt 0.036134 0.971655
vt 0.036134 0.971655
vt 0.036134 0.971655
vt 0.036134 0.971655
vt 0.036134 0.971655
vt 0.036134 0.971655
vt 0.036134 0.971655
vt 0.036134 0.971655
vt 0.036134 0.971655
vt 0.036134 0.971655
vt 0.036134 0.971655
vt 0.036134 0.971655
vt 0.036134 0.971655
vt 0.036134 0.971655
vt 0.036134 0.971655
vt 0.036134 0.971655
vt 0.035621 0.970119
vt 0.035621 0.970119
vt 0.035621 0.970119
vt 0.035621 0.970119
vt 0.036134 0.971655
vt 0.036134 0.971655
vt 0.036134 0.971655
vt 0.036134 0.971655
vt 0.036134 0.971655
vt 0.036134 0.971655
vt 0.036134 0.971655
vt 0.036134 0.971655
vt 0.035621 0.970119
vt 0.035621 0.970119
vt 0.035621 0.970119
vt 0.035621 0.970119
vt 0.036134 0.971655
vt 0.036134 0.971655
vt 0.036134 0.971655
vt 0.036134 0.971655
vt 0.036134 0.971655
vt 0.036134 0.971655
vt 0.036134 0.971655
vt 0.036134 0.971655
vt 0.036134 0.971655
vt 0.036134 0.971655
vt 0.036134 0.971655
vt 0.036134 0.971655
vt 0.036134 0.971655
vt 0.036134 0.971655
vt 0.036134 0.971655
vt 0.036134 0.971655
vt 0.036134 0.971655
vt 0.036134 0.971655
vt 0.036134 0.971655
vt 0.036134 0.971655
vt 0.036134 0.971655
vt 0.036134 0.971655
vt 0.036134 0.971655
vt 0.036134 0.971655
vt 0.036134 0.971655
vt 0.036134 0.971655
vt 0.035621 0.970119
vt 0.035621 0.970119
vt 0.035621 0.970119
vt 0.035621 0.970119
vt 0.036134 0.971655
vt 0.036134 0.971655
vt 0.036134 0.971655
vt 0.036134 0.971655
vt 0.036134 0.971655
vt 0.036134 0.971655
vt 0.036134 0.971655
vt 0.036134 0.971655
vt 0.036134 0.971655
vt 0.036134 0.971655
vt 0.036134 0.971655
vt 0.036134 0.971655
vt 0.035621 0.970119
vt 0.035621 0.970119
vt 0.036134 0.971655
vt 0.036134 0.971655
vt 0.036134 0.971655
vt 0.036134 0.971655
vt 0.036134 0.971655
vt 0.036134 0.971655
vt 0.036134 0.971655
vt 0.036134 0.971655
vt 0.036134 0.971655
vt 0.036134 0.971655
vt 0.036134 0.971655
vt 0.036134 0.971655
vt 0.036134 0.971655
vt 0.036134 0.971655
vt 0.036134 0.971655
vt 0.036134 0.971655
vt 0.036134 0.971655
vt 0.036134 0.971655
vt 0.036134 0.971655
vt 0.036134 0.971655
vt 0.036134 0.971655
vt 0.036134 0.971655
vt 0.036134 0.971655
vt 0.036134 0.971655
vt 0.036134 0.971655
vt 0.036134 0.971655
vt 0.036134 0.971655
vt 0.036134 0.971655
vt 0.036134 0.971655
vt 0.036134 0.971655
vt 0.036134 0.971655
vt 0.036134 0.971655
vt 0.036134 0.971655
vt 0.036134 0.971655
vt 0.036134 0.971655
vt 0.036134 0.971655
vt 0.036134 0.971655
vt 0.036134 0.971655
vt 0.035621 0.970119
vt 0.035621 0.970119
vt 0.035621 0.970119
vt 0.035621 0.970119
vt 0.035621 0.970119
vt 0.035621 0.970119
vt 0.035621 0.970119
vt 0.035621 0.970119
vt 0.035621 0.970119
vt 0.035621 0.970119
vt 0.036134 0.971655
vt 0.036134 0.971655
vt 0.036134 0.971655
vt 0.036134 0.971655
vt 0.036134 0.971655
vt 0.036134 0.971655
vt 0.036134 0.971655
vt 0.036134 0.971655
vt 0.036134 0.971655
vt 0.036134 0.971655
vt 0.036134 0.971655
vt 0.036134 0.971655
vt 0.036134 0.971655
vt 0.036134 0.971655
vt 0.036134 0.971655
vt 0.036134 0.971655
vt 0.036134 0.971655
vt 0.036134 0.971655
vt 0.036134 0.971655
vt 0.036134 0.971655
vt 0.036134 0.971655
vt 0.036134 0.971655
vt 0.036134 0.971655
vt 0.036134 0.971655
vt 0.036134 0.971655
vt 0.036134 0.971655
vt 0.036134 0.971655
vt 0.036134 0.971655
vt 0.036134 0.971655
vt 0.036134 0.971655
vt 0.036134 0.971655
vt 0.036134 0.971655
vt 0.036134 0.971655
vt 0.036134 0.971655
vt 0.035621 0.970119
vt 0.035621 0.970119
vt 0.035621 0.970119
vt 0.035621 0.970119
vt 0.035621 0.970119
vt 0.035621 0.970119
vt 0.035621 0.970119
vt 0.035621 0.970119
vt 0.035621 0.970119
vt 0.035621 0.970119
vt 0.036134 0.971655
vt 0.036134 0.971655
vt 0.036134 0.971655
vt 0.036134 0.971655
vt 0.035621 0.970119
vt 0.035621 0.970119
vt 0.035621 0.970119
vt 0.035621 0.970119
vt 0.035621 0.970119
vt 0.035621 0.970119
vt 0.035621 0.970119
vt 0.035621 0.970119
vt 0.036134 0.971655
vt 0.036134 0.971655
vt 0.036134 0.971655
vt 0.035621 0.970119
vt 0.035621 0.970119
vt 0.035621 0.970119
vt 0.035621 0.970119
vt 0.036134 0.971655
vt 0.036134 0.971655
vt 0.036134 0.971655
vt 0.036134 0.971655
vt 0.036134 0.971655
vt 0.036134 0.971655
vt 0.036134 0.971655
vt 0.036134 0.971655
vt 0.036134 0.971655
vt 0.035621 0.970119
vt 0.035621 0.970119
vt 0.035621 0.970119
vt 0.035621 0.970119
vt 0.036134 0.971655
vt 0.036134 0.971655
vt 0.036134 0.971655
vt 0.036134 0.971655
vt 0.036134 0.971655
vt 0.036134 0.971655
vt 0.036134 0.971655
vt 0.036134 0.971655
vt 0.036134 0.971655
vt 0.036134 0.971655
vt 0.036134 0.971655
vt 0.036134 0.971655
vt 0.036134 0.971655
vt 0.036134 0.971655
vt 0.035621 0.970119
vt 0.035621 0.970119
vt 0.035621 0.970119
vt 0.035621 0.970119
vt 0.036134 0.971655
vt 0.036134 0.971655
vt 0.036134 0.971655
vt 0.036134 0.971655
vt 0.036134 0.971655
vt 0.036134 0.971655
vt 0.036134 0.971655
vt 0.036134 0.971655
vt 0.036134 0.971655
vt 0.036134 0.971655
vt 0.035621 0.970119
vt 0.035621 0.970119
vt 0.036134 0.971655
vt 0.036134 0.971655
vt 0.036134 0.971655
vt 0.036134 0.971655
vt 0.036134 0.971655
vt 0.036134 0.971655
vt 0.036134 0.971655
vt 0.036134 0.971655
vt 0.036134 0.971655
vt 0.036134 0.971655
vt 0.036134 0.971655
vt 0.036134 0.971655
vt 0.036134 0.971655
vt 0.036134 0.971655
vt 0.036134 0.971655
vt 0.036134 0.971655
vt 0.036134 0.971655
vt 0.036134 0.971655
vt 0.036134 0.971655
vt 0.036134 0.971655
vt 0.036134 0.971655
vt 0.036134 0.971655
vt 0.036134 0.971655
vt 0.036134 0.971655
vt 0.036134 0.971655
vt 0.036134 0.971655
vt 0.036134 0.971655
vt 0.036134 0.971655
vt 0.036134 0.971655
vt 0.036134 0.971655
vt 0.036134 0.971655
vt 0.036134 0.971655
vt 0.036134 0.971655
vt 0.036134 0.971655
vt 0.036134 0.971655
vt 0.036134 0.971655
vt 0.036134 0.971655
vt 0.036134 0.971655
vt 0.036134 0.971655
vt 0.036134 0.971655
vt 0.036134 0.971655
vt 0.036134 0.971655
vt 0.036134 0.971655
vt 0.036134 0.971655
vt 0.035621 0.970119
vt 0.035621 0.970119
vt 0.035621 0.970119
vt 0.035621 0.970119
vt 0.035621 0.970119
vt 0.035621 0.970119
vt 0.035621 0.970119
vt 0.035621 0.970119
vt 0.035621 0.970119
vt 0.035621 0.970119
vt 0.036134 0.971655
vt 0.036134 0.971655
vt 0.036134 0.971655
vt 0.036134 0.971655
vt 0.036134 0.971655
vt 0.036134 0.971655
vt 0.036134 0.971655
vt 0.036134 0.971655
vt 0.036134 0.971655
vt 0.036134 0.971655
vt 0.036134 0.971655
vt 0.036134 0.971655
vt 0.036134 0.971655
vt 0.036134 0.971655
vt 0.036134 0.971655
vt 0.036134 0.971655
vt 0.036134 0.971655
vt 0.036134 0.971655
vt 0.036134 0.971655
vt 0.036134 0.971655
vt 0.036134 0.971655
vt 0.036134 0.971655
vt 0.036134 0.971655
vt 0.036134 0.971655
vt 0.036134 0.971655
vt 0.036134 0.971655
vt 0.036134 0.971655
vt 0.036134 0.971655
vt 0.036134 0.971655
vt 0.036134 0.971655
vt 0.036134 0.971655
vt 0.036134 0.971655
vt 0.036134 0.971655
vt 0.036134 0.971655
vt 0.035621 0.970119
vt 0.035621 0.970119
vt 0.035621 0.970119
vt 0.035621 0.970119
vt 0.035621 0.970119
vt 0.035621 0.970119
vt 0.035621 0.970119
vt 0.035621 0.970119
vt 0.035621 0.970119
vt 0.035621 0.970119
vt 0.035621 0.970119
vt 0.035621 0.970119
vt 0.035621 0.970119
vt 0.035621 0.970119
vt 0.035621 0.970119
vt 0.035621 0.970119
vt 0.034331 0.965911
vt 0.034331 0.965911
vt 0.034331 0.965911
vt 0.034331 0.965911
vt 0.034331 0.965911
vt 0.034331 0.965911
vt 0.034331 0.965911
vt 0.034331 0.965911
vt 0.034331 0.965911
vt 0.034331 0.965911
vt 0.034331 0.965911
vt 0.034331 0.965911
vt 0.034331 0.965911
vt 0.034331 0.965911
vt 0.034331 0.965911
vt 0.034331 0.965911
vt 0.034331 0.965911
vt 0.034331 0.965911
vt 0.034331 0.965911
vt 0.034331 0.965911
vt 0.034331 0.965911
vt 0.034331 0.965911
vt 0.034331 0.965911
vt 0.034331 0.965911
vt 0.034331 0.965911
vt 0.034331 0.965911
vt 0.034331 0.965911
vt 0.034331 0.965911
vt 0.034331 0.965911
vt 0.034331 0.965911
vt 0.034331 0.965911
vt 0.034331 0.965911
vt 0.034331 0.965911
vt 0.034331 0.965911
vt 0.034331 0.965911
vt 0.034331 0.965911
vt 0.034331 0.965911
vt 0.034331 0.965911
vt 0.034331 0.965911
vt 0.034331 0.965911
vt 0.034331 0.965911
vt 0.034331 0.965911
vt 0.034331 0.965911
vt 0.034331 0.965911
vt 0.034331 0.965911
vt 0.034331 0.965911
vt 0.034331 0.965911
vt 0.034331 0.965911
vt 0.034331 0.965911
vt 0.034331 0.965911
vt 0.034331 0.965911
vt 0.034331 0.965911
vt 0.034331 0.965911
vt 0.034331 0.965911
vt 0.034331 0.965911
vt 0.034331 0.965911
vt 0.034331 0.965911
vt 0.034331 0.965911
vt 0.034331 0.965911
vt 0.034331 0.965911
vt 0.034331 0.965911
vt 0.034331 0.965911
vt 0.034331 0.965911
vt 0.034331 0.965911
vt 0.034331 0.965911
vt 0.034331 0.965911
vt 0.034331 0.965911
vt 0.034331 0.965911
vt 0.034331 0.965911
vt 0.034331 0.965911
vt 0.034331 0.965911
vt 0.034331 0.965911
vt 0.034331 0.965911
vt 0.034331 0.965911
vt 0.034331 0.965911
vt 0.034331 0.965911
vt 0.034331 0.965911
vt 0.034331 0.965911
vt 0.034331 0.965911
vt 0.034331 0.965911
vt 0.034331 0.965911
vt 0.034331 0.965911
vt 0.034331 0.965911
vt 0.034331 0.965911
vt 0.034331 0.965911
vt 0.034331 0.965911
vt 0.034331 0.965911
vt 0.034331 0.965911
vt 0.034331 0.965911
vt 0.034331 0.965911
vt 0.034331 0.965911
vt 0.034331 0.965911
vt 0.034331 0.965911
vt 0.034331 0.965911
vt 0.034331 0.965911
vt 0.034331 0.965911
vt 0.034331 0.965911
vt 0.034331 0.965911
vt 0.034331 0.965911
vt 0.034331 0.965911
vt 0.034331 0.965911
vt 0.034331 0.965911
vt 0.034331 0.965911
vt 0.034331 0.965911
vt 0.034331 0.965911
vt 0.034331 0.965911
vt 0.034331 0.965911
vt 0.034331 0.965911
vt 0.034331 0.965911
vt 0.034331 0.965911
vt 0.034331 0.965911
vt 0.034331 0.965911
vt 0.034331 0.965911
vt 0.034331 0.965911
vt 0.034331 0.965911
vt 0.034331 0.965911
vt 0.034331 0.965911
vt 0.034331 0.965911
vt 0.034331 0.965911
vt 0.034331 0.965911
vt 0.034331 0.965911
vt 0.034331 0.965911
vt 0.034331 0.965911
vt 0.034331 0.965911
vt 0.034331 0.965911
vt 0.034331 0.965911
vt 0.034331 0.965911
vt 0.034331 0.965911
vt 0.034331 0.965911
vt 0.034331 0.965911
vt 0.034331 0.965911
vt 0.034331 0.965911
vt 0.034331 0.965911
vt 0.034331 0.965911
vt 0.034331 0.965911
vt 0.034331 0.965911
vt 0.034331 0.965911
vt 0.034331 0.965911
vt 0.034331 0.965911
vt 0.034331 0.965911
vt 0.034331 0.965911
vt 0.034331 0.965911
vt 0.034331 0.965911
vt 0.034331 0.965911
vt 0.034331 0.965911
vt 0.034331 0.965911
vt 0.034331 0.965911
vt 0.034331 0.965911
vt 0.034331 0.965911
vt 0.034331 0.965911
vt 0.034331 0.965911
vt 0.034331 0.965911
vt 0.034331 0.965911
vt 0.034331 0.965911
vt 0.034331 0.965911
vt 0.034331 0.965911
vt 0.034331 0.965911
vt 0.034331 0.965911
vt 0.034331 0.965911
vt 0.034331 0.965911
vt 0.034331 0.965911
vt 0.034331 0.965911
vt 0.034331 0.965911
vt 0.034331 0.965911
vt 0.034331 0.965911
vt 0.034331 0.965911
vt 0.034331 0.965911
vt 0.034331 0.965911
vt 0.034331 0.965911
vt 0.034331 0.965911
vt 0.034331 0.965911
vt 0.034331 0.965911
vt 0.034331 0.965911
vt 0.034331 0.965911
vt 0.034331 0.965911
vt 0.034331 0.965911
vt 0.034331 0.965911
vt 0.034331 0.965911
vt 0.034331 0.965911
vt 0.034331 0.965911
vt 0.034331 0.965911
vt 0.034331 0.965911
vt 0.034331 0.965911
vt 0.034331 0.965911
vt 0.034331 0.965911
vt 0.034331 0.965911
vt 0.034331 0.965911
vt 0.034331 0.965911
vt 0.034331 0.965911
vt 0.034331 0.965911
vt 0.034331 0.965911
vt 0.034331 0.965911
vt 0.034331 0.965911
vt 0.034331 0.965911
vt 0.034331 0.965911
vt 0.034331 0.965911
vt 0.034331 0.965911
vt 0.034331 0.965911
vt 0.034331 0.965911
vt 0.034331 0.965911
vt 0.034331 0.965911
vt 0.034331 0.965911
vt 0.034331 0.965911
vt 0.034331 0.965911
vn 0.0000 0.0000 -1.0000
vn 1.0000 0.0000 0.0000
vn 0.0000 -0.1951 0.9808
vn 0.0000 0.3827 -0.9239
vn 0.0000 0.3827 0.9239
vn 0.0000 -0.0000 1.0000
vn 0.0000 -0.5556 -0.8315
vn 0.0000 -0.7071 -0.7071
vn 0.0000 0.5556 0.8315
vn -1.0000 0.0000 0.0000
vn 0.6361 -0.7568 -0.1505
vn -0.6736 0.4106 0.6145
vn 0.6361 -0.6416 0.4287
vn -0.6736 0.6145 0.4106
vn 0.6361 0.4287 -0.6416
vn -0.6736 0.6145 -0.4106
vn 0.6361 0.4287 0.6416
vn -0.6736 -0.4106 0.6145
vn 0.6361 0.6416 0.4287
vn -0.6736 -0.4106 -0.6145
vn 0.6361 0.6416 -0.4287
vn -0.6736 -0.6145 -0.4106
vn 0.6361 -0.4287 0.6416
vn -0.6736 -0.7249 0.1442
vn 0.6361 -0.4287 -0.6416
vn -0.6736 0.1442 -0.7249
vn -0.6736 0.4106 -0.6145
vn 0.6361 -0.1505 -0.7568
vn 0.6361 0.7568 0.1505
vn -0.6736 -0.6145 0.4106
vn 0.6361 -0.1505 0.7568
vn 0.6361 0.1505 0.7568
vn -0.6736 -0.7249 -0.1442
vn 0.6361 0.7568 -0.1505
vn 0.6361 0.1505 -0.7568
vn -0.6736 -0.1442 -0.7249
vn -0.6736 0.7249 0.1442
vn 0.6361 -0.7568 0.1505
vn -0.6736 -0.1442 0.7249
vn -0.6736 0.1442 0.7249
vn 0.6361 -0.6416 -0.4287
vn -0.6736 0.7249 -0.1442
vn 0.0000 0.1951 0.9808
vn 0.0000 0.5556 -0.8315
vn 0.0000 0.1951 -0.9808
vn 0.0000 -0.8315 0.5556
vn 0.0000 -0.9808 -0.1951
vn 0.0000 -0.9808 0.1951
vn 0.0000 -0.8315 -0.5556
vn 0.0000 -0.1951 -0.9808
vn 0.0000 -0.5556 0.8315
vn 0.0000 0.9808 -0.1951
vn 0.0000 0.8315 -0.5556
vn 0.0000 0.8315 0.5556
vn 0.0000 0.9808 0.1951
vn 0.0000 -0.3827 -0.9239
vn 0.0000 0.7071 0.7071
vn 0.0000 -0.9239 -0.3827
vn 0.0000 1.0000 -0.0000
vn 0.0000 -0.9239 0.3827
vn 0.0000 0.7071 -0.7071
vn 0.0000 -0.3827 0.9239
vn 0.0000 -0.7071 0.7071
vn 0.0000 0.9239 -0.3827
vn 0.0000 -1.0000 -0.0000
vn 0.0000 0.9239 0.3827
vn 0.7590 0.6386 0.1270
vn 0.7590 0.5413 0.3617
vn 0.7590 0.3617 0.5413
vn 0.7590 0.1270 0.6386
vn 0.7590 -0.1270 0.6386
vn 0.7590 -0.3617 0.5413
vn 0.7590 -0.5414 0.3617
vn 0.7590 -0.6386 0.1270
vn 0.7590 -0.6386 -0.1270
vn 0.7590 -0.5413 -0.3617
vn 0.7590 -0.3617 -0.5413
vn 0.7590 -0.1270 -0.6386
vn 0.7590 0.1270 -0.6386
vn 0.7590 0.3617 -0.5413
vn 0.7590 0.5413 -0.3617
vn 0.7590 0.6386 -0.1270
vn -0.6361 -0.7568 -0.1505
vn 0.6736 0.4106 0.6145
vn -0.6361 -0.6416 0.4287
vn 0.6736 0.6145 0.4106
vn -0.6361 0.4287 -0.6416
vn 0.6736 0.6145 -0.4106
vn -0.6361 0.4287 0.6416
vn 0.6736 -0.4106 0.6145
vn -0.6361 0.6416 0.4287
vn 0.6736 -0.4106 -0.6145
vn -0.6361 0.6416 -0.4287
vn 0.6736 -0.6145 -0.4106
vn -0.6361 -0.4287 0.6416
vn 0.6736 -0.7249 0.1442
vn -0.6361 -0.4287 -0.6416
vn 0.6736 0.1442 -0.7249
vn 0.6736 0.4106 -0.6145
vn -0.6361 -0.1505 -0.7568
vn -0.6361 0.7568 0.1505
vn 0.6736 -0.6145 0.4106
vn -0.6361 -0.1505 0.7568
vn -0.6361 0.1505 0.7568
vn 0.6736 -0.7249 -0.1442
vn -0.6361 0.7568 -0.1505
vn -0.6361 0.1505 -0.7568
vn 0.6736 -0.1442 -0.7249
vn 0.6736 0.7249 0.1442
vn -0.6361 -0.7568 0.1505
vn 0.6736 -0.1442 0.7249
vn 0.6736 0.1442 0.7249
vn -0.6361 -0.6416 -0.4287
vn 0.6736 0.7249 -0.1442
vn -0.7590 0.6386 0.1270
vn -0.7590 0.5413 0.3617
vn -0.7590 0.3617 0.5413
vn -0.7590 0.1270 0.6386
vn -0.7590 -0.1270 0.6386
vn -0.7590 -0.3617 0.5413
vn -0.7590 -0.5413 0.3617
vn -0.7590 -0.6386 0.1270
vn -0.7590 -0.6386 -0.1270
vn -0.7590 -0.5413 -0.3617
vn -0.7590 -0.3617 -0.5413
vn -0.7590 -0.1270 -0.6386
vn -0.7590 0.1270 -0.6386
vn -0.7590 0.3617 -0.5413
vn -0.7590 0.5413 -0.3617
vn -0.7590 0.6386 -0.1270
vn 0.7237 -0.3834 0.5738
vn 0.7237 0.1346 0.6768
vn 0.7237 -0.5738 0.3834
vn -0.6341 0.1509 0.7584
vn 0.5957 -0.1567 -0.7878
vn 0.5957 -0.1567 0.7878
vn 0.5957 0.7878 -0.1567
vn 0.7237 -0.6768 -0.1346
vn 0.7237 0.5738 0.3834
vn 0.7237 -0.1346 0.6768
vn -0.6341 0.7584 -0.1509
vn 0.7237 -0.6768 0.1346
vn 0.5957 -0.7878 0.1567
vn -0.6341 -0.1509 -0.7584
vn -0.6341 0.4296 0.6430
vn -0.6341 -0.7584 0.1509
vn 0.5957 0.4462 -0.6679
vn 0.5957 -0.4462 -0.6679
vn -0.6341 -0.4296 0.6430
vn -0.6341 0.4296 -0.6430
vn 0.5957 0.1567 -0.7878
vn -0.6341 -0.6430 0.4296
vn 0.5957 0.1567 0.7878
vn -0.6341 -0.7584 -0.1509
vn 0.5957 0.7878 0.1567
vn 0.5957 -0.7878 -0.1567
vn 0.5957 0.6679 0.4462
vn -0.6341 0.1509 -0.7584
vn -0.6341 0.6430 0.4296
vn -0.6341 0.6430 -0.4296
vn 0.5957 -0.4462 0.6679
vn 0.5957 0.4462 0.6679
vn 0.5957 -0.6679 0.4462
vn -0.6341 -0.6430 -0.4296
vn 0.5957 0.6679 -0.4462
vn -0.6341 -0.4296 -0.6430
vn 0.5957 -0.6679 -0.4462
vn -0.6341 0.7584 0.1509
vn -0.6341 -0.1509 0.7584
vn 0.7237 0.6768 0.1346
vn 0.7237 -0.5738 -0.3834
vn 0.7237 0.3834 0.5738
vn 0.7237 -0.3834 -0.5738
vn 0.7237 -0.1346 -0.6768
vn 0.7237 0.1346 -0.6768
vn 0.7237 0.3834 -0.5738
vn 0.7237 0.5738 -0.3834
vn 0.7237 0.6768 -0.1346
vn -0.7237 -0.3834 0.5738
vn -0.7237 0.1346 0.6768
vn -0.7237 -0.5738 0.3834
vn 0.6341 0.1509 0.7584
vn -0.5957 -0.1567 -0.7878
vn -0.5957 -0.1567 0.7878
vn -0.5957 0.7878 -0.1567
vn -0.7237 -0.6768 -0.1346
vn -0.7237 0.5738 0.3834
vn -0.7237 -0.1346 0.6768
vn 0.6341 0.7584 -0.1509
vn -0.7237 -0.6768 0.1346
vn -0.5957 -0.7878 0.1567
vn 0.6341 -0.1509 -0.7584
vn 0.6341 0.4296 0.6430
vn 0.6341 -0.7584 0.1509
vn -0.5957 0.4462 -0.6679
vn -0.5957 -0.4462 -0.6679
vn 0.6341 -0.4296 0.6430
vn 0.6341 0.4296 -0.6430
vn -0.5957 0.1567 -0.7878
vn 0.6341 -0.6430 0.4296
vn -0.5957 0.1567 0.7878
vn 0.6341 -0.7584 -0.1509
vn -0.5957 0.7878 0.1567
vn -0.5957 -0.7878 -0.1567
vn -0.5957 0.6679 0.4462
vn 0.6341 0.1509 -0.7584
vn 0.6341 0.6430 0.4296
vn 0.6341 0.6430 -0.4296
vn -0.5957 -0.4462 0.6679
vn -0.5957 0.4462 0.6679
vn -0.5957 -0.6679 0.4462
vn 0.6341 -0.6430 -0.4296
vn -0.5957 0.6679 -0.4462
vn 0.6341 -0.4296 -0.6430
vn -0.5957 -0.6679 -0.4462
vn 0.6341 0.7584 0.1509
vn 0.6341 -0.1509 0.7584
vn -0.7237 0.6768 0.1346
vn -0.7237 -0.5738 -0.3834
vn -0.7237 0.3834 0.5738
vn -0.7237 -0.3834 -0.5738
vn -0.7237 -0.1346 -0.6768
vn -0.7237 0.1346 -0.6768
vn -0.7237 0.3834 -0.5738
vn -0.7237 0.5738 -0.3834
vn -0.7237 0.6768 -0.1346
vn -0.2569 -0.0000 0.9664
vn 0.9720 0.0000 -0.2349
vn -0.0000 -0.9943 -0.1062
vn -0.9589 0.0000 0.2837
vn 0.7984 0.0000 -0.6021
vn -0.1054 -0.0000 0.9944
vn 0.1054 -0.0000 0.9944
vn -0.9720 0.0000 -0.2349
vn -0.0684 0.9213 0.3827
vn -0.2553 0.0523 0.9655
vn 0.2569 -0.0000 0.9664
vn 0.6972 -0.0000 0.7169
vn 0.9589 0.0000 0.2837
vn -0.6972 -0.0000 0.7169
vn 0.0481 0.8863 0.4606
vn -0.7984 0.0000 -0.6021
vn -0.9576 -0.0151 0.2876
vn 0.0684 0.9213 0.3827
vn -0.0481 0.8863 0.4606
vn 0.0000 0.0812 0.9967
vn -0.9994 -0.0000 0.0353
vn 0.0009 0.9944 0.1061
vn 0.9994 -0.0011 0.0349
vn 0.2553 0.0523 0.9655
vn 0.9576 -0.0151 0.2876
vn 0.9994 -0.0000 0.0353
vn -0.9994 -0.0001 0.0353
vn 0.9994 0.0000 0.0354
vn -0.9994 0.0000 0.0354
vn -0.9994 -0.0002 0.0353
vn 0.9994 -0.0001 0.0353
vn -0.9994 -0.0003 0.0353
vn -0.0074 0.9843 0.1761
vn -0.0287 0.9632 0.2671
vn -0.0681 0.9341 0.3505
vn 0.0074 0.9843 0.1761
vn 0.0287 0.9632 0.2671
vn 0.9994 -0.0002 0.0353
vn 0.9994 -0.0003 0.0353
vn 0.0681 0.9341 0.3505
vn 0.6934 -0.0024 0.7206
vn -0.0009 0.9944 0.1061
vn -0.9994 -0.0011 0.0349
vn -0.6157 0.2259 0.7549
vn -0.4201 0.5667 0.7088
vn -0.1630 0.8223 0.5453
vn -0.2196 0.2571 0.9411
vn -0.1459 0.5580 0.8169
vn -0.0578 0.8058 0.5893
vn 0.0578 0.8058 0.5893
vn 0.1459 0.5580 0.8169
vn 0.2196 0.2571 0.9411
vn 0.1630 0.8223 0.5453
vn 0.4201 0.5667 0.7088
vn 0.6157 0.2259 0.7549
vn 0.2454 0.8397 0.4844
vn 0.6397 0.6010 0.4792
vn 0.8981 0.2202 0.3808
vn 0.0971 0.7909 0.6042
vn 0.0317 0.5521 0.8332
vn 0.0048 0.2679 0.9634
vn -0.8981 0.2202 0.3808
vn -0.6397 0.6010 0.4792
vn -0.2454 0.8397 0.4844
vn -0.0048 0.2679 0.9634
vn -0.0317 0.5521 0.8332
vn -0.0971 0.7909 0.6042
vn -0.9600 0.2477 0.1308
vn -0.7085 0.6489 0.2774
vn -0.3067 0.8844 0.3517
vn -0.9615 0.2531 0.1067
vn -0.7035 0.6764 0.2183
vn -0.2774 0.9216 0.2716
vn -0.9637 0.2544 0.0807
vn -0.7060 0.6918 0.1515
vn -0.2643 0.9471 0.1818
vn 0.2643 0.9471 0.1818
vn 0.7060 0.6918 0.1515
vn 0.9637 0.2544 0.0807
vn 0.2774 0.9216 0.2716
vn 0.7034 0.6764 0.2183
vn 0.9615 0.2531 0.1067
vn 0.3067 0.8844 0.3517
vn 0.7085 0.6489 0.2774
vn 0.9600 0.2477 0.1308
vn 0.9605 0.2470 0.1279
vn 0.7087 0.6495 0.2754
vn 0.3050 0.8830 0.3568
vn -0.9649 0.2553 0.0615
vn -0.7083 0.6988 0.1000
vn -0.2610 0.9588 0.1120
vn -0.9605 0.2470 0.1279
vn -0.7087 0.6495 0.2754
vn -0.3050 0.8830 0.3568
vn 0.9649 0.2553 0.0615
vn 0.7083 0.6988 0.1000
vn 0.2610 0.9588 0.1120
vn -0.6934 -0.0024 0.7206
vn -0.9858 -0.0000 -0.1677
vn -0.9976 -0.0000 -0.0699
vn 0.9976 -0.0000 -0.0699
vn 0.9858 0.0000 -0.1677
vn -0.3515 0.0000 0.9362
vn -0.7435 0.0000 0.6688
vn -0.9680 0.0000 0.2509
vn 0.3515 -0.0000 0.9362
vn 0.7435 -0.0000 0.6688
vn 0.9680 -0.0000 0.2508
vn 0.9680 0.0000 0.2509
vn 0.0000 -0.9506 -0.3105
vn 0.9446 0.0000 -0.3283
vn 0.0000 -0.9506 -0.3104
vn 0.0000 -0.7964 -0.6048
vn 0.9789 0.0000 -0.2046
vn 0.9788 0.0000 -0.2046
vn -0.9446 0.0000 -0.3283
vn 0.0000 -0.9347 -0.3555
vn 0.9957 0.0000 -0.0923
vn -0.9788 0.0000 -0.2046
vn -0.9789 0.0000 -0.2046
vn -0.2618 0.9651 -0.0000
vn -0.9667 0.2558 0.0000
vn 0.9667 0.2558 0.0000
vn 0.2618 0.9651 -0.0000
vn -0.7115 0.7027 -0.0000
vn 0.7115 0.7027 -0.0000
vn 0.5726 0.8126 -0.1080
vn -0.8411 0.0000 -0.5409
vn 0.2394 0.9630 -0.1239
vn 0.8411 0.0000 -0.5409
vn 0.2435 0.9379 -0.2471
vn -0.9302 0.3625 -0.0573
vn 0.8748 0.4794 -0.0709
vn -0.8748 0.4794 -0.0709
vn 0.9302 0.3625 -0.0573
vn -0.5726 0.8126 -0.1080
vn -0.9055 0.4220 -0.0455
vn -0.2394 0.9630 -0.1239
vn -0.0563 0.9904 -0.1264
vn -0.9408 0.3352 -0.0514
vn 0.9055 0.4220 -0.0455
vn 0.0563 0.9904 -0.1264
vn 0.9408 0.3352 -0.0514
vn -0.8637 0.4335 -0.2570
vn 0.8637 0.4335 -0.2570
vn -0.8895 0.4148 -0.1914
vn 0.5763 0.7829 -0.2343
vn -0.9213 0.3437 -0.1819
vn 0.8694 0.4560 -0.1901
vn -0.8694 0.4560 -0.1901
vn 0.9213 0.3437 -0.1819
vn -0.5763 0.7829 -0.2343
vn -0.2435 0.9379 -0.2471
vn 0.9199 0.3467 -0.1831
vn 0.8895 0.4148 -0.1914
vn -0.0574 0.9677 -0.2453
vn -0.9199 0.3467 -0.1831
vn 0.0574 0.9677 -0.2453
vn 0.8642 0.4419 -0.2405
vn 0.0411 0.8391 -0.5424
vn 0.9185 0.3278 -0.2209
vn 0.9045 0.3649 -0.2210
vn -0.5684 0.7389 -0.3619
vn -0.2394 0.8822 -0.4054
vn 0.8945 0.3932 -0.2128
vn -0.9185 0.3278 -0.2209
vn -0.0564 0.9098 -0.4112
vn -0.8945 0.3932 -0.2128
vn 0.0564 0.9098 -0.4112
vn -0.9045 0.3649 -0.2210
vn 0.2394 0.8822 -0.4054
vn 0.5684 0.7389 -0.3619
vn -0.7318 0.6777 -0.0713
vn -0.1262 0.9795 -0.1572
vn 0.1769 0.8264 -0.5345
vn 0.4529 0.7462 -0.4880
vn 0.7918 0.5038 -0.3454
vn -0.7918 0.5038 -0.3454
vn 0.8774 0.3970 -0.2695
vn -0.4529 0.7462 -0.4880
vn -0.8774 0.3970 -0.2695
vn -0.1769 0.8264 -0.5345
vn -0.8576 0.4779 -0.1902
vn 0.8576 0.4779 -0.1902
vn -0.0411 0.8391 -0.5424
vn -0.8642 0.4419 -0.2405
vn -0.5175 0.8537 -0.0581
vn 0.5175 0.8537 -0.0581
vn 0.7318 0.6777 -0.0713
vn -0.0291 0.9870 -0.1582
vn -0.7589 0.6449 -0.0907
vn 0.0291 0.9870 -0.1582
vn 0.7589 0.6449 -0.0907
vn 0.1262 0.9795 -0.1572
vn 0.3391 0.9285 -0.1513
vn 0.6818 0.7209 -0.1246
vn -0.6818 0.7209 -0.1246
vn 0.7950 0.5977 -0.1036
vn -0.3391 0.9285 -0.1513
vn -0.7950 0.5977 -0.1036
vn 0.6478 0.7598 -0.0552
vn -0.2275 0.9720 -0.0587
vn -0.6478 0.7598 -0.0551
vn -0.0822 0.9949 -0.0580
vn -0.5686 0.8215 -0.0421
vn 0.5686 0.8215 -0.0421
vn -0.0189 0.9982 -0.0577
vn -0.6015 0.7974 -0.0495
vn 0.0189 0.9982 -0.0577
vn 0.6015 0.7974 -0.0495
vn 0.0822 0.9949 -0.0580
vn 0.2275 0.9720 -0.0587
vn -0.9957 0.0000 -0.0923
vn 0.0000 0.8581 0.5134
vn 0.0000 -0.1485 0.9889
vn 0.0000 0.1485 -0.9889
vn 0.0000 -0.9889 -0.1485
vn 0.0000 0.9889 0.1485
vn 0.0000 -0.9650 -0.2624
vn 0.0000 -0.9095 -0.4157
vn 0.0000 0.9650 0.2624
vn 0.0000 0.9095 0.4157
vn 0.0000 -0.8581 -0.5134
vn 0.0000 -0.6480 0.7616
vn 0.0000 -0.2785 0.9604
vn 0.0000 0.9604 0.2785
vn 0.0000 -0.9604 -0.2785
vn 0.0000 0.2785 -0.9604
vn 0.0000 0.9967 0.0814
vn 0.0000 0.9263 -0.3768
vn 0.0000 0.6189 -0.7854
vn 0.0000 0.1982 -0.9802
vn 0.0000 0.9608 0.2774
vn 0.0000 0.8960 0.4441
vn 0.0000 0.7127 0.7014
vn 0.0000 0.4762 0.8793
vn 0.0000 0.1782 0.9840
vn 0.3521 -0.0000 0.9360
vn 0.7443 0.0000 0.6679
vn 0.9682 0.0000 0.2502
vn -0.3521 -0.0000 0.9360
vn -0.7443 -0.0000 0.6679
vn -0.9682 -0.0000 0.2502
vn 0.9646 0.0000 0.2637
vn 0.6699 0.0000 0.7424
vn 0.1620 0.0000 0.9868
vn -0.9646 -0.0000 0.2637
vn -0.6699 -0.0000 0.7424
vn -0.1620 0.0000 0.9868
vn 0.0274 0.9657 0.2581
vn 0.0747 0.7061 0.7041
vn 0.1019 0.2581 0.9607
vn -0.0274 0.9657 0.2581
vn -0.0747 0.7061 0.7041
vn -0.1019 0.2581 0.9607
vn 0.1022 -0.2466 0.9637
vn 0.0765 -0.6886 0.7211
vn 0.0286 -0.9624 0.2701
vn -0.1022 -0.2466 0.9637
vn -0.0765 -0.6886 0.7211
vn -0.0286 -0.9624 0.2701
vn -0.7582 -0.6520 -0.0000
vn 0.7582 0.6520 -0.0000
vn 0.6024 -0.7005 -0.3827
vn 0.2495 -0.2902 -0.9239
vn 0.6024 -0.7005 0.3827
vn -0.2495 0.2902 -0.9239
vn -0.6024 0.7005 0.3827
vn 0.2495 -0.2902 0.9239
vn -0.6024 0.7005 -0.3827
vn -0.2495 0.2902 0.9239
vn 0.4985 0.0000 0.8669
vn -0.9529 0.0000 0.3033
vn 0.7582 -0.6520 -0.0000
vn -0.7582 0.6520 -0.0000
vn -0.6024 -0.7005 -0.3827
vn -0.2495 -0.2902 -0.9239
vn -0.6024 -0.7005 0.3827
vn 0.2495 0.2902 -0.9239
vn 0.6024 0.7005 0.3827
vn -0.2495 -0.2902 0.9239
vn 0.6024 0.7005 -0.3827
vn 0.2495 0.2902 0.9239
vn -0.4985 0.0000 0.8669
vn 0.9529 0.0000 0.3033
vn 0.4830 0.0000 -0.8756
vn -0.4830 0.0000 -0.8756
vn -0.1337 0.9910 -0.0000
vn 0.1337 0.9910 0.0000
vn -0.0777 0.9970 -0.0000
vn 0.0777 0.9970 -0.0000
vn -0.2838 0.9547 -0.0889
vn 0.2723 0.9622 0.0000
vn 0.9171 0.3986 0.0000
vn -0.2723 0.9622 -0.0000
vn -0.9171 0.3986 -0.0000
vn -0.2723 0.0760 0.9592
vn 0.0000 0.9969 -0.0790
vn -0.9798 0.1992 -0.0161
vn -0.0000 -0.0790 -0.9969
vn 0.0000 -0.9969 0.0790
vn -0.9171 0.0315 0.3973
vn -0.1337 0.0783 0.9879
vn 0.7796 0.6241 -0.0516
vn -0.3727 0.9243 -0.0825
vn 0.0777 0.0787 0.9939
vn 0.0000 0.0790 0.9969
vn 0.3727 0.9243 -0.0825
vn 0.9798 0.1992 -0.0161
vn -0.7796 0.6241 -0.0516
vn 0.9171 0.0315 0.3973
vn 0.2723 0.0760 0.9592
vn -0.0777 0.0787 0.9939
vn 0.1337 0.0783 0.9879
vn 0.2530 0.9512 0.1766
vn 0.1443 0.7398 0.6572
vn -0.0035 0.3228 0.9464
vn 0.0000 0.9810 0.1942
vn 0.0000 0.7443 0.6679
vn 0.0000 0.3228 0.9465
vn -0.2530 0.9512 0.1766
vn -0.1443 0.7398 0.6572
vn 0.0035 0.3228 0.9464
vn 0.7928 0.5925 0.1427
vn 0.7312 0.4715 0.4931
vn 0.5086 0.2493 0.8242
vn 0.9839 0.1685 0.0605
vn 0.9778 0.1207 0.1712
vn 0.9538 0.0704 0.2920
vn -0.7928 0.5925 0.1427
vn -0.7312 0.4715 0.4931
vn -0.5085 0.2493 0.8242
vn -0.9839 0.1685 0.0605
vn -0.9778 0.1207 0.1712
vn -0.9538 0.0704 0.2920
vn -0.0299 0.3226 0.9461
vn 0.1818 0.7342 0.6542
vn 0.3369 0.9252 0.1747
vn -0.3369 0.9252 0.1747
vn -0.1818 0.7342 0.6541
vn 0.0299 0.3226 0.9461
vn 0.2838 0.9547 -0.0889
vn 0.0000 0.1201 -0.9928
vn -0.0163 -0.1944 0.9808
vn -0.3827 0.9172 0.1109
vn 0.3827 0.9172 0.1109
vn 0.9239 0.3799 0.0459
vn 0.8797 -0.0955 0.4659
vn -0.0000 -0.1201 0.9928
vn 0.3827 -0.9172 -0.1109
vn -0.9239 -0.3799 -0.0460
vn -0.6537 -0.7513 -0.0909
vn -0.6537 0.7513 0.0909
vn 0.8253 0.5606 0.0678
vn -0.7620 0.5636 -0.3189
vn -0.3145 0.1026 0.9437
vn -0.3145 -0.1026 -0.9437
vn -0.7620 -0.5636 0.3190
vn 0.3145 -0.3246 0.8920
vn -0.3536 -0.8933 0.2774
vn -0.1465 -0.4619 0.8747
vn -0.3536 -0.2563 0.8996
vn -0.8535 0.3050 0.4224
vn -0.3536 0.0345 0.9348
vn -0.3536 0.8014 0.4824
vn -0.1465 0.2401 0.9596
vn 0.3536 0.8014 0.4824
vn 0.1465 0.2401 0.9596
vn 0.3536 0.0345 0.9348
vn 0.8536 -0.3969 0.3375
vn 0.3535 -0.2563 0.8996
vn 0.3536 -0.8933 0.2774
vn 0.1465 -0.4619 0.8747
vn -0.1464 -0.2401 -0.9597
vn -0.3536 -0.8014 -0.4824
vn -0.3535 -0.0344 -0.9348
vn -0.8536 -0.3050 -0.4224
vn -0.3536 0.2563 -0.8996
vn -0.8536 0.3969 -0.3375
vn -0.1465 0.4619 -0.8747
vn -0.3536 0.8933 -0.2774
vn 0.1465 0.4619 -0.8747
vn 0.3536 0.8933 -0.2774
vn 0.3535 0.2563 -0.8996
vn 0.8536 0.3969 -0.3375
vn 0.3535 -0.0344 -0.9348
vn 0.8536 -0.3050 -0.4224
vn 0.1464 -0.2401 -0.9597
vn 0.3536 -0.8014 -0.4824
vn -0.3827 -0.9172 -0.1109
vn -0.8253 -0.5606 -0.0678
vn -0.3145 -0.3246 0.8920
vn -0.8253 0.5606 0.0678
vn -0.3145 0.3246 -0.8920
vn -0.7620 -0.4714 -0.4441
vn 0.8253 -0.5606 -0.0678
vn 0.7620 -0.5636 0.3189
vn 0.7620 0.4714 0.4441
vn 0.3145 0.1026 0.9437
vn 0.7620 -0.4714 -0.4441
vn 0.3145 -0.1026 -0.9437
vn 0.3145 0.3246 -0.8920
vn 0.7620 0.5637 -0.3189
vn -0.7620 0.4714 0.4441
vn -0.3207 -0.0230 0.9469
vn -0.3207 -0.2034 0.9251
vn -0.8656 0.1911 0.4629
vn -0.8656 -0.2959 0.4040
vn -0.8656 0.2959 -0.4040
vn -0.8656 -0.1911 -0.4629
vn -0.3207 0.2034 -0.9251
vn -0.3207 0.0230 -0.9469
vn 0.8656 -0.2959 0.4040
vn 0.8656 0.1911 0.4629
vn 0.3207 -0.2034 0.9251
vn 0.3207 -0.0230 0.9469
vn 0.3207 0.0230 -0.9469
vn 0.3207 0.2034 -0.9251
vn 0.8656 -0.1911 -0.4629
vn 0.8656 0.2959 -0.4040
vn -0.9621 -0.2707 -0.0327
vn 0.9621 -0.2707 -0.0327
vn 0.9621 0.2707 0.0327
vn -0.9621 0.2707 0.0327
vn 0.0163 0.1944 0.9808
vn 0.8797 -0.0955 0.4658
vn -0.2726 -0.9552 -0.1155
vn -0.2726 0.9552 0.1155
vn 0.6537 -0.7513 -0.0909
vn 0.6537 0.7513 0.0909
vn 0.7620 0.5636 -0.3189
vn 0.7620 -0.5636 0.3190
vn -0.7620 -0.5636 0.3189
vn 0.2726 -0.9552 -0.1155
vn 0.2726 0.9552 0.1155
vn -0.0694 -0.8286 -0.5556
vn -0.0694 -0.8286 0.5556
vn -0.0163 -0.1944 -0.9808
vn -0.8797 -0.0955 0.4659
vn -0.8797 -0.0955 0.4658
vn 0.9239 -0.3799 -0.0460
vn -0.8536 -0.3969 0.3375
vn -0.9239 0.3799 0.0459
vn 0.8535 0.3050 0.4224
vn 0.0464 0.5536 0.8315
vn -0.0819 -0.9774 -0.1951
vn 0.0163 0.1944 -0.9808
vn 0.0819 0.9774 0.1951
vn -0.0464 -0.5536 0.8315
vn 0.0694 0.8286 0.5556
vn 0.0694 0.8286 -0.5556
vn 0.0464 0.5536 -0.8315
vn -0.0464 -0.5536 -0.8315
vn 0.0819 0.9774 -0.1951
vn -0.0819 -0.9774 0.1951
vn -0.0163 0.1944 0.9808
vn -0.0819 0.9774 -0.1951
vn 0.0163 -0.1944 -0.9808
vn 0.0464 -0.5536 0.8315
vn 0.0694 -0.8286 0.5556
vn -0.0819 0.9774 0.1951
vn 0.0163 -0.1944 0.9808
vn 0.0819 -0.9774 0.1951
vn -0.0694 0.8286 -0.5556
vn 0.0694 -0.8286 -0.5556
vn -0.0464 0.5536 0.8315
vn 0.0464 -0.5536 -0.8315
vn -0.0163 0.1944 -0.9808
vn -0.0694 0.8286 0.5556
vn 0.0819 -0.9774 -0.1951
vn -0.0464 0.5536 -0.8315
vn 0.9965 0.0835 0.0000
vn -0.9965 -0.0835 0.0000
vn -0.9965 -0.0834 0.0000
vn 0.4664 -0.3644 0.8060
vn 0.3954 -0.6911 0.6050
vn 0.2642 -0.9127 0.3118
vn -0.0928 0.9953 0.0288
vn 0.4664 0.0179 0.8844
vn -0.3954 -0.3974 -0.8281
vn -0.4664 -0.0179 -0.8844
vn 0.0928 0.9264 0.3651
vn 0.2642 0.7164 0.6457
vn 0.3954 0.3974 0.8281
vn 0.0928 -0.9953 -0.0288
vn -0.0928 -0.9263 -0.3651
vn -0.2642 -0.7164 -0.6457
vn -0.4664 0.3644 -0.8060
vn -0.3954 0.6911 -0.6050
vn -0.2642 0.9127 -0.3118
vn -0.9965 0.0835 0.0000
vn 0.9965 -0.0835 0.0000
vn 0.9965 -0.0834 0.0000
vn -0.4664 -0.3644 0.8060
vn -0.3954 -0.6911 0.6050
vn -0.2642 -0.9127 0.3118
vn 0.0928 0.9953 0.0288
vn -0.4664 0.0179 0.8844
vn 0.3954 -0.3974 -0.8281
vn 0.4664 -0.0179 -0.8844
vn -0.0928 0.9264 0.3651
vn -0.2642 0.7164 0.6457
vn -0.3954 0.3974 0.8281
vn -0.0928 -0.9953 -0.0288
vn 0.0928 -0.9263 -0.3651
vn 0.2642 -0.7164 -0.6457
vn 0.4664 0.3644 -0.8060
vn 0.3954 0.6911 -0.6050
vn 0.2642 0.9127 -0.3118
vn 0.0000 -0.5555 -0.8315
vn -0.9950 0.0000 0.0997
vn 0.9950 0.0000 -0.0997
vn 0.0440 0.8973 0.4392
vn -0.0144 0.9895 -0.1442
vn 0.0144 -0.9895 0.1441
vn -0.0144 -0.9895 -0.1441
vn 0.0144 0.9895 0.1442
vn 0.0962 0.2610 0.9605
vn 0.0962 -0.2610 0.9605
vn -0.0738 -0.6721 -0.7368
vn 0.0738 -0.6721 0.7368
vn -0.0962 -0.2609 -0.9606
vn -0.0440 -0.8973 -0.4391
vn 0.0440 -0.8973 0.4391
vn -0.0440 0.8973 -0.4392
vn -0.0738 0.6721 -0.7368
vn -0.0962 0.2609 -0.9606
vn 0.0738 0.6721 0.7368
vn -0.8478 0.0000 -0.5303
vn -0.8478 0.0000 -0.5302
vn 0.8478 0.0000 0.5303
vn 0.8478 0.0000 0.5302
vn -0.2340 0.8973 0.3742
vn 0.0768 0.9895 -0.1228
vn -0.0768 -0.9895 0.1228
vn 0.0768 -0.9895 -0.1228
vn -0.0768 0.9895 0.1228
vn -0.5119 0.2609 0.8185
vn -0.5119 -0.2609 0.8185
vn 0.3926 -0.6721 -0.6278
vn -0.3926 -0.6721 0.6278
vn 0.5119 -0.2609 -0.8185
vn 0.2340 -0.8973 -0.3742
vn -0.2340 -0.8973 0.3742
vn 0.2340 0.8973 -0.3742
vn 0.3926 0.6721 -0.6278
vn 0.5119 0.2609 -0.8185
vn -0.3926 0.6721 0.6278
vn 0.9950 0.0000 0.0997
vn -0.9950 0.0000 -0.0997
vn -0.0440 0.8973 0.4392
vn 0.0144 0.9894 -0.1442
vn -0.0144 -0.9895 0.1441
vn 0.0144 -0.9895 -0.1441
vn -0.0144 0.9894 0.1442
vn -0.0962 0.2610 0.9605
vn -0.0962 -0.2610 0.9605
vn 0.0738 -0.6721 -0.7368
vn -0.0738 -0.6721 0.7368
vn 0.0962 -0.2609 -0.9606
vn 0.0440 -0.8973 -0.4391
vn -0.0440 -0.8973 0.4391
vn 0.0440 0.8973 -0.4392
vn 0.0738 0.6721 -0.7368
vn 0.0962 0.2609 -0.9606
vn -0.0738 0.6721 0.7368
vn 0.8478 -0.0000 -0.5303
vn 0.8478 0.0000 -0.5302
vn -0.8478 0.0000 0.5303
vn -0.8478 0.0000 0.5302
vn 0.2340 0.8973 0.3742
vn -0.0768 0.9895 -0.1228
vn 0.0768 -0.9895 0.1228
vn -0.0768 -0.9895 -0.1228
vn 0.0768 0.9895 0.1228
vn 0.5119 0.2609 0.8185
vn 0.5119 -0.2610 0.8185
vn -0.3926 -0.6721 -0.6278
vn 0.3926 -0.6721 0.6278
vn -0.5119 -0.2609 -0.8185
vn -0.2340 -0.8973 -0.3742
vn 0.2340 -0.8973 0.3742
vn -0.2340 0.8973 -0.3742
vn -0.3926 0.6721 -0.6278
vn -0.5119 0.2609 -0.8185
vn 0.3926 0.6721 0.6278
usemtl Material
s off
f 186/1/1 1/2/1 147/3/1 170/4/1
f 10/5/2 2/6/2 190/7/2 189/8/2
f 15/9/2 6/10/2 192/11/2 191/12/2
f 183/13/3 182/14/3 166/15/3 167/16/3
f 9/17/2 8/18/2 188/19/2 187/20/2
f 13/21/2 5/22/2 180/23/2 179/24/2
f 13/21/4 179/24/4 163/25/4 159/26/4
f 12/27/2 4/28/2 178/29/2 193/30/2
f 16/31/5 185/32/5 169/33/5 152/34/5
f 14/35/2 3/36/2 182/14/2 181/37/2
f 178/29/6 4/28/6 158/38/6 162/39/6
f 11/40/2 7/41/2 184/42/2 183/13/2
f 5/43/7 14/44/7 150/45/7 151/46/7
f 16/31/2 1/2/2 186/1/2 185/32/2
f 184/42/8 7/41/8 153/47/8 168/48/8
f 17/49/2 18/50/2 19/51/2 20/52/2 21/53/2 22/54/2 23/55/2 24/56/2 25/57/2 26/58/2 27/59/2 28/60/2 29/61/2 30/62/2 31/63/2 32/64/2
f 181/37/9 180/23/9 164/65/9 165/66/9
f 44/67/10 36/68/10 72/69/10 71/70/10
f 7/71/2 11/72/2 53/73/2 63/74/2
f 35/75/10 43/76/10 69/77/10 70/78/10
f 48/79/10 33/80/10 66/81/10 78/82/10
f 10/83/2 8/84/2 64/85/2 51/86/2
f 42/87/10 34/88/10 68/89/10 67/90/10
f 34/88/10 47/91/10 76/92/10 68/89/10
f 8/84/2 9/93/2 49/94/2 64/85/2
f 33/80/10 41/95/10 65/96/10 66/81/10
f 46/97/10 35/75/10 70/78/10 75/98/10
f 16/99/2 7/71/2 63/74/2 62/100/2
f 36/68/10 45/101/10 73/102/10 72/69/10
f 6/103/2 15/104/2 60/105/2 61/106/2
f 38/107/10 44/67/10 71/70/10 77/108/10
f 14/109/2 5/110/2 58/111/2 59/112/2
f 43/76/10 39/113/10 79/114/10 69/77/10
f 57/115/11 56/116/11 88/117/11 89/118/11
f 80/119/12 67/120/12 99/121/12 112/122/12
f 55/123/13 61/124/13 93/125/13 87/126/13
f 65/127/14 80/119/14 112/122/14 97/128/14
f 63/129/15 53/130/15 85/131/15 95/132/15
f 79/133/16 78/134/16 110/135/16 111/136/16
f 51/137/17 64/138/17 96/139/17 83/140/17
f 76/141/18 77/142/18 109/143/18 108/144/18
f 64/138/19 49/145/19 81/146/19 96/139/19
f 74/147/20 75/148/20 107/149/20 106/150/20
f 62/151/21 63/129/21 95/132/21 94/152/21
f 73/153/22 74/147/22 106/150/22 105/154/22
f 61/124/23 60/155/23 92/156/23 93/125/23
f 71/157/24 72/158/24 104/159/24 103/160/24
f 59/161/25 58/162/25 90/163/25 91/164/25
f 70/165/26 69/166/26 101/167/26 102/168/26
f 12/169/2 6/103/2 61/106/2 55/170/2
f 45/101/10 37/171/10 74/172/10 73/102/10
f 13/173/2 4/174/2 56/175/2 57/176/2
f 37/171/10 46/97/10 75/98/10 74/172/10
f 3/177/2 14/109/2 59/112/2 54/178/2
f 9/93/2 1/179/2 50/180/2 49/94/2
f 47/91/10 38/107/10 77/108/10 76/92/10
f 15/104/2 2/181/2 52/182/2 60/105/2
f 2/181/2 10/83/2 51/86/2 52/182/2
f 39/113/10 48/79/10 78/82/10 79/114/10
f 1/179/2 16/99/2 62/100/2 50/180/2
f 11/72/2 3/177/2 54/178/2 53/73/2
f 41/95/10 40/183/10 80/184/10 65/96/10
f 4/174/2 12/169/2 55/170/2 56/175/2
f 40/183/10 42/87/10 67/90/10 80/184/10
f 5/110/2 13/173/2 57/176/2 58/111/2
f 84/185/2 83/140/2 115/186/2 116/187/2
f 92/156/2 84/185/2 116/187/2 124/188/2
f 109/143/10 103/160/10 135/189/10 141/190/10
f 81/146/2 82/191/2 114/192/2 113/193/2
f 86/194/2 91/164/2 123/195/2 118/196/2
f 101/167/10 111/136/10 143/197/10 133/198/10
f 89/118/2 88/117/2 120/199/2 121/200/2
f 112/122/10 99/121/10 131/201/10 144/202/10
f 87/126/2 93/125/2 125/203/2 119/204/2
f 97/128/10 112/122/10 144/202/10 129/205/10
f 95/132/2 85/131/2 117/206/2 127/207/2
f 111/136/10 110/135/10 142/208/10 143/197/10
f 83/140/2 96/139/2 128/209/2 115/186/2
f 108/144/10 109/143/10 141/190/10 140/210/10
f 96/139/2 81/146/2 113/193/2 128/209/2
f 106/150/10 107/149/10 139/211/10 138/212/10
f 69/166/27 79/133/27 111/136/27 101/167/27
f 54/213/28 59/161/28 91/164/28 86/194/28
f 49/145/29 50/214/29 82/191/29 81/146/29
f 77/142/30 71/157/30 103/160/30 109/143/30
f 60/155/31 52/215/31 84/185/31 92/156/31
f 52/215/32 51/137/32 83/140/32 84/185/32
f 72/158/33 73/153/33 105/154/33 104/159/33
f 50/214/34 62/151/34 94/152/34 82/191/34
f 53/130/35 54/213/35 86/194/35 85/131/35
f 75/148/36 70/165/36 102/168/36 107/149/36
f 66/216/37 65/127/37 97/128/37 98/217/37
f 56/116/38 55/123/38 87/126/38 88/117/38
f 68/218/39 76/141/39 108/144/39 100/219/39
f 67/120/40 68/218/40 100/219/40 99/121/40
f 58/162/41 57/115/41 89/118/41 90/163/41
f 78/134/42 66/216/42 98/217/42 110/135/42
f 123/195/9 122/220/9 138/212/9 139/211/9
f 118/196/43 123/195/43 139/211/43 134/221/43
f 125/203/44 124/188/44 140/210/44 141/190/44
f 124/188/45 116/187/45 132/222/45 140/210/45
f 126/223/46 127/207/46 143/197/46 142/208/46
f 113/193/47 114/192/47 130/224/47 129/205/47
f 114/192/48 126/223/48 142/208/48 130/224/48
f 128/209/49 113/193/49 129/205/49 144/202/49
f 116/187/50 115/186/50 131/201/50 132/222/50
f 115/186/7 128/209/7 144/202/7 131/201/7
f 117/206/3 118/196/3 134/221/3 133/198/3
f 127/207/51 117/206/51 133/198/51 143/197/51
f 120/199/52 119/204/52 135/189/52 136/225/52
f 119/204/53 125/203/53 141/190/53 135/189/53
f 122/220/54 121/200/54 137/226/54 138/212/54
f 121/200/55 120/199/55 136/225/55 137/226/55
f 104/159/10 105/154/10 137/226/10 136/225/10
f 82/191/2 94/152/2 126/223/2 114/192/2
f 85/131/2 86/194/2 118/196/2 117/206/2
f 107/149/10 102/168/10 134/221/10 139/211/10
f 98/217/10 97/128/10 129/205/10 130/224/10
f 88/117/2 87/126/2 119/204/2 120/199/2
f 100/219/10 108/144/10 140/210/10 132/222/10
f 99/121/10 100/219/10 132/222/10 131/201/10
f 90/163/2 89/118/2 121/200/2 122/220/2
f 110/135/10 98/217/10 130/224/10 142/208/10
f 102/168/10 101/167/10 133/198/10 134/221/10
f 91/164/2 90/163/2 122/220/2 123/195/2
f 103/160/10 104/159/10 136/225/10 135/189/10
f 93/125/2 92/156/2 124/188/2 125/203/2
f 105/154/10 106/150/10 138/212/10 137/226/10
f 94/152/2 95/132/2 127/207/2 126/223/2
f 160/227/2 161/228/2 175/229/2 174/230/2
f 33/231/10 48/232/10 145/233/10
f 48/234/10 39/235/10 145/236/10
f 39/237/10 43/238/10 145/233/10
f 43/239/10 35/240/10 145/236/10
f 35/241/10 46/242/10 145/233/10
f 46/243/10 37/244/10 145/236/10
f 37/245/10 45/246/10 145/233/10
f 45/247/10 36/248/10 145/236/10
f 36/249/10 44/250/10 145/233/10
f 44/251/10 38/252/10 145/236/10
f 38/253/10 47/254/10 145/233/10
f 47/255/10 34/256/10 145/236/10
f 34/257/10 42/258/10 145/233/10
f 42/259/10 40/260/10 145/236/10
f 40/261/10 41/262/10 145/233/10
f 41/263/10 33/264/10 145/236/10
f 156/265/2 157/266/2 177/267/2 176/268/2
f 154/269/2 155/270/2 173/271/2 172/272/2
f 151/46/2 150/45/2 165/273/2 164/274/2
f 149/275/2 148/276/2 167/277/2 166/278/2
f 153/279/2 152/280/2 169/281/2 168/282/2
f 147/283/2 146/284/2 171/285/2 170/286/2
f 158/287/2 159/288/2 163/289/2 162/290/2
f 7/291/53 16/292/53 152/280/53 153/279/53
f 12/27/56 193/30/56 177/293/56 157/294/56
f 192/11/57 6/10/57 156/295/57 176/296/57
f 185/32/46 184/42/46 168/48/46 169/33/46
f 8/297/9 10/298/9 155/270/9 154/269/9
f 15/9/58 191/12/58 175/299/58 161/300/58
f 190/7/59 2/6/59 160/301/59 174/302/59
f 187/20/47 186/1/47 170/4/47 171/303/47
f 6/304/46 12/305/46 157/266/46 156/265/46
f 10/5/60 189/8/60 173/306/60 155/307/60
f 4/308/47 13/309/47 159/288/47 158/287/47
f 188/19/61 8/18/61 154/310/61 172/311/61
f 189/8/7 188/19/7 172/311/7 173/306/7
f 9/17/62 187/20/62 171/303/62 146/312/62
f 1/313/55 9/314/55 146/284/55 147/283/55
f 2/315/3 15/316/3 161/228/3 160/227/3
f 180/23/63 5/22/63 151/317/63 164/65/63
f 191/12/45 190/7/45 174/302/45 175/299/45
f 14/35/64 181/37/64 165/66/64 150/318/64
f 3/319/45 11/320/45 148/276/45 149/275/45
f 179/24/55 178/29/55 162/39/55 163/25/55
f 182/14/65 3/36/65 149/321/65 166/15/65
f 193/30/53 192/11/53 176/296/53 177/293/53
f 11/40/66 183/13/66 167/16/66 148/322/66
f 17/49/67 32/64/67 178/29/67 179/24/67
f 18/50/68 17/49/68 179/24/68 180/23/68
f 19/51/69 18/50/69 180/23/69 181/37/69
f 20/52/70 19/51/70 181/37/70 182/14/70
f 21/53/71 20/52/71 182/14/71 183/13/71
f 22/54/72 21/53/72 183/13/72 184/42/72
f 23/55/73 22/54/73 184/42/73 185/32/73
f 24/56/74 23/55/74 185/32/74 186/1/74
f 25/57/75 24/56/75 186/1/75 187/20/75
f 26/58/76 25/57/76 187/20/76 188/19/76
f 27/59/77 26/58/77 188/19/77 189/8/77
f 28/60/78 27/59/78 189/8/78 190/7/78
f 29/61/79 28/60/79 190/7/79 191/12/79
f 30/62/80 29/61/80 191/12/80 192/11/80
f 31/63/81 30/62/81 192/11/81 193/30/81
f 32/64/82 31/63/82 193/30/82 178/29/82
f 379/323/1 363/324/1 340/325/1 194/326/1
f 203/327/10 382/328/10 383/329/10 195/330/10
f 208/331/10 384/332/10 385/333/10 199/334/10
f 376/335/3 360/336/3 359/337/3 375/338/3
f 202/339/10 380/340/10 381/341/10 201/342/10
f 206/343/10 372/344/10 373/345/10 198/346/10
f 206/343/4 352/347/4 356/348/4 372/344/4
f 205/349/10 386/350/10 371/351/10 197/352/10
f 209/353/5 345/354/5 362/355/5 378/356/5
f 207/357/10 374/358/10 375/338/10 196/359/10
f 371/351/6 355/360/6 351/361/6 197/352/6
f 204/362/10 376/335/10 377/363/10 200/364/10
f 198/365/7 344/366/7 343/367/7 207/368/7
f 209/353/10 378/356/10 379/323/10 194/326/10
f 377/363/8 361/369/8 346/370/8 200/364/8
f 210/371/10 225/372/10 224/373/10 223/374/10 222/375/10 221/376/10 220/377/10 219/378/10 218/379/10 217/380/10 216/381/10 215/382/10 214/383/10 213/384/10 212/385/10 211/386/10
f 374/358/9 358/387/9 357/388/9 373/345/9
f 237/389/2 264/390/2 265/391/2 229/392/2
f 200/393/10 256/394/10 246/395/10 204/396/10
f 228/397/2 263/398/2 262/399/2 236/400/2
f 241/401/2 271/402/2 259/403/2 226/404/2
f 203/405/10 244/406/10 257/407/10 201/408/10
f 235/409/2 260/410/2 261/411/2 227/412/2
f 227/412/2 261/411/2 269/413/2 240/414/2
f 201/408/10 257/407/10 242/415/10 202/416/10
f 226/404/2 259/403/2 258/417/2 234/418/2
f 239/419/2 268/420/2 263/398/2 228/397/2
f 209/421/10 255/422/10 256/394/10 200/393/10
f 229/392/2 265/391/2 266/423/2 238/424/2
f 199/425/10 254/426/10 253/427/10 208/428/10
f 231/429/2 270/430/2 264/390/2 237/389/2
f 207/431/10 252/432/10 251/433/10 198/434/10
f 236/400/2 262/399/2 272/435/2 232/436/2
f 250/437/83 282/438/83 281/439/83 249/440/83
f 273/441/84 305/442/84 292/443/84 260/444/84
f 248/445/85 280/446/85 286/447/85 254/448/85
f 258/449/86 290/450/86 305/442/86 273/441/86
f 256/451/87 288/452/87 278/453/87 246/454/87
f 272/455/88 304/456/88 303/457/88 271/458/88
f 244/459/89 276/460/89 289/461/89 257/462/89
f 269/463/90 301/464/90 302/465/90 270/466/90
f 257/462/91 289/461/91 274/467/91 242/468/91
f 267/469/92 299/470/92 300/471/92 268/472/92
f 255/473/93 287/474/93 288/452/93 256/451/93
f 266/475/94 298/476/94 299/470/94 267/469/94
f 254/448/95 286/447/95 285/477/95 253/478/95
f 264/479/96 296/480/96 297/481/96 265/482/96
f 252/483/97 284/484/97 283/485/97 251/486/97
f 263/487/98 295/488/98 294/489/98 262/490/98
f 205/491/10 248/492/10 254/426/10 199/425/10
f 238/424/2 266/423/2 267/493/2 230/494/2
f 206/495/10 250/496/10 249/497/10 197/498/10
f 230/494/2 267/493/2 268/420/2 239/419/2
f 196/499/10 247/500/10 252/432/10 207/431/10
f 202/416/10 242/415/10 243/501/10 194/502/10
f 240/414/2 269/413/2 270/430/2 231/429/2
f 208/428/10 253/427/10 245/503/10 195/504/10
f 195/504/10 245/503/10 244/406/10 203/405/10
f 232/436/2 272/435/2 271/402/2 241/401/2
f 194/502/10 243/501/10 255/422/10 209/421/10
f 204/396/10 246/395/10 247/500/10 196/499/10
f 234/418/2 258/417/2 273/505/2 233/506/2
f 197/498/10 249/497/10 248/492/10 205/491/10
f 233/506/2 273/505/2 260/410/2 235/409/2
f 198/434/10 251/433/10 250/496/10 206/495/10
f 277/507/10 309/508/10 308/509/10 276/460/10
f 285/477/10 317/510/10 309/508/10 277/507/10
f 302/465/2 334/511/2 328/512/2 296/480/2
f 274/467/10 306/513/10 307/514/10 275/515/10
f 279/516/10 311/517/10 316/518/10 284/484/10
f 294/489/2 326/519/2 336/520/2 304/456/2
f 282/438/10 314/521/10 313/522/10 281/439/10
f 305/442/2 337/523/2 324/524/2 292/443/2
f 280/446/10 312/525/10 318/526/10 286/447/10
f 290/450/2 322/527/2 337/523/2 305/442/2
f 288/452/10 320/528/10 310/529/10 278/453/10
f 304/456/2 336/520/2 335/530/2 303/457/2
f 276/460/10 308/509/10 321/531/10 289/461/10
f 301/464/2 333/532/2 334/511/2 302/465/2
f 289/461/10 321/531/10 306/513/10 274/467/10
f 299/470/2 331/533/2 332/534/2 300/471/2
f 262/490/99 294/489/99 304/456/99 272/455/99
f 247/535/100 279/516/100 284/484/100 252/483/100
f 242/468/101 274/467/101 275/515/101 243/536/101
f 270/466/102 302/465/102 296/480/102 264/479/102
f 253/478/103 285/477/103 277/507/103 245/537/103
f 245/537/104 277/507/104 276/460/104 244/459/104
f 265/482/105 297/481/105 298/476/105 266/475/105
f 243/536/106 275/515/106 287/474/106 255/473/106
f 246/454/107 278/453/107 279/516/107 247/535/107
f 268/472/108 300/471/108 295/488/108 263/487/108
f 259/538/109 291/539/109 290/450/109 258/449/109
f 249/440/110 281/439/110 280/446/110 248/445/110
f 261/540/111 293/541/111 301/464/111 269/463/111
f 260/444/112 292/443/112 293/541/112 261/540/112
f 251/486/113 283/485/113 282/438/113 250/437/113
f 271/458/114 303/457/114 291/539/114 259/538/114
f 316/518/9 332/534/9 331/533/9 315/542/9
f 311/517/43 327/543/43 332/534/43 316/518/43
f 318/526/44 334/511/44 333/532/44 317/510/44
f 317/510/45 333/532/45 325/544/45 309/508/45
f 319/545/46 335/530/46 336/520/46 320/528/46
f 306/513/47 322/527/47 323/546/47 307/514/47
f 307/514/48 323/546/48 335/530/48 319/545/48
f 321/531/49 337/523/49 322/527/49 306/513/49
f 309/508/50 325/544/50 324/524/50 308/509/50
f 308/509/7 324/524/7 337/523/7 321/531/7
f 310/529/3 326/519/3 327/543/3 311/517/3
f 320/528/51 336/520/51 326/519/51 310/529/51
f 313/522/52 329/547/52 328/512/52 312/525/52
f 312/525/53 328/512/53 334/511/53 318/526/53
f 315/542/54 331/533/54 330/548/54 314/521/54
f 314/521/55 330/548/55 329/547/55 313/522/55
f 297/481/2 329/547/2 330/548/2 298/476/2
f 275/515/10 307/514/10 319/545/10 287/474/10
f 278/453/10 310/529/10 311/517/10 279/516/10
f 300/471/2 332/534/2 327/543/2 295/488/2
f 291/539/2 323/546/2 322/527/2 290/450/2
f 281/439/10 313/522/10 312/525/10 280/446/10
f 293/541/2 325/544/2 333/532/2 301/464/2
f 292/443/2 324/524/2 325/544/2 293/541/2
f 283/485/10 315/542/10 314/521/10 282/438/10
f 303/457/2 335/530/2 323/546/2 291/539/2
f 295/488/2 327/543/2 326/519/2 294/489/2
f 284/484/10 316/518/10 315/542/10 283/485/10
f 296/480/2 328/512/2 329/547/2 297/481/2
f 286/447/10 318/526/10 317/510/10 285/477/10
f 298/476/2 330/548/2 331/533/2 299/470/2
f 287/474/10 319/545/10 320/528/10 288/452/10
f 353/549/10 367/550/10 368/551/10 354/552/10
f 226/553/2 338/554/2 241/555/2
f 241/556/2 338/557/2 232/558/2
f 232/559/2 338/554/2 236/560/2
f 236/561/2 338/557/2 228/562/2
f 228/563/2 338/554/2 239/564/2
f 239/565/2 338/557/2 230/566/2
f 230/567/2 338/554/2 238/568/2
f 238/569/2 338/557/2 229/570/2
f 229/571/2 338/554/2 237/572/2
f 237/573/2 338/557/2 231/574/2
f 231/575/2 338/554/2 240/576/2
f 240/577/2 338/557/2 227/578/2
f 227/579/2 338/554/2 235/580/2
f 235/581/2 338/557/2 233/582/2
f 233/583/2 338/554/2 234/584/2
f 234/585/2 338/557/2 226/586/2
f 349/587/10 369/588/10 370/589/10 350/590/10
f 347/591/10 365/592/10 366/593/10 348/594/10
f 344/366/10 357/595/10 358/596/10 343/367/10
f 342/597/10 359/598/10 360/599/10 341/600/10
f 346/601/10 361/602/10 362/603/10 345/604/10
f 340/605/10 363/606/10 364/607/10 339/608/10
f 351/609/10 355/610/10 356/611/10 352/612/10
f 200/613/53 346/601/53 345/604/53 209/614/53
f 205/349/56 350/615/56 370/616/56 386/350/56
f 385/333/57 369/617/57 349/618/57 199/334/57
f 378/356/46 362/355/46 361/369/46 377/363/46
f 201/619/9 347/591/9 348/594/9 203/620/9
f 208/331/58 354/621/58 368/622/58 384/332/58
f 383/329/59 367/623/59 353/624/59 195/330/59
f 380/340/47 364/625/47 363/324/47 379/323/47
f 199/626/46 349/587/46 350/590/46 205/627/46
f 203/327/60 348/628/60 366/629/60 382/328/60
f 197/630/47 351/609/47 352/612/47 206/631/47
f 381/341/61 365/632/61 347/633/61 201/342/61
f 382/328/7 366/629/7 365/632/7 381/341/7
f 202/339/62 339/634/62 364/625/62 380/340/62
f 194/635/55 340/605/55 339/608/55 202/636/55
f 195/637/3 353/549/3 354/552/3 208/638/3
f 373/345/63 357/388/63 344/639/63 198/346/63
f 384/332/45 368/622/45 367/623/45 383/329/45
f 207/357/64 343/640/64 358/387/64 374/358/64
f 196/641/45 342/597/45 341/600/45 204/642/45
f 372/344/55 356/348/55 355/360/55 371/351/55
f 375/338/65 359/337/65 342/643/65 196/359/65
f 386/350/53 370/616/53 369/617/53 385/333/53
f 204/362/66 341/644/66 360/336/66 376/335/66
f 210/371/115 372/344/115 371/351/115 225/372/115
f 211/386/116 373/345/116 372/344/116 210/371/116
f 212/385/117 374/358/117 373/345/117 211/386/117
f 213/384/118 375/338/118 374/358/118 212/385/118
f 214/383/119 376/335/119 375/338/119 213/384/119
f 215/382/120 377/363/120 376/335/120 214/383/120
f 216/381/121 378/356/121 377/363/121 215/382/121
f 217/380/122 379/323/122 378/356/122 216/381/122
f 218/379/123 380/340/123 379/323/123 217/380/123
f 219/378/124 381/341/124 380/340/124 218/379/124
f 220/377/125 382/328/125 381/341/125 219/378/125
f 221/376/126 383/329/126 382/328/126 220/377/126
f 222/375/127 384/332/127 383/329/127 221/376/127
f 223/374/128 385/333/128 384/332/128 222/375/128
f 224/373/129 386/350/129 385/333/129 223/374/129
f 225/372/130 371/351/130 386/350/130 224/373/130
f 550/645/131 551/646/131 389/647/131 388/648/131
f 552/649/132 553/650/132 391/651/132 390/652/132
f 573/653/47 572/654/47 402/655/47 401/656/47
f 419/657/2 420/658/2 403/659/2 404/660/2
f 575/661/7 574/662/7 400/663/7 399/664/7
f 538/665/10 530/666/10 427/667/10
f 577/668/45 576/669/45 398/670/45 397/671/45
f 528/672/10 534/673/10 427/674/10
f 393/675/55 394/676/55 410/677/55 409/678/55
f 571/679/55 563/680/55 426/681/55 425/682/55
f 565/683/53 556/684/53 420/658/53 419/657/53
f 568/685/47 559/686/47 413/687/47 414/688/47
f 549/689/133 550/645/133 388/648/133 387/690/133
f 414/688/2 413/687/2 409/691/2 410/692/2
f 527/693/10 536/694/10 427/674/10
f 572/654/1 571/695/1 425/696/1 402/655/1
f 445/697/51 455/698/51 439/699/51 429/700/51
f 560/701/56 579/702/56 395/703/56 415/704/56
f 451/705/55 452/706/55 436/707/55 435/708/55
f 484/709/2 485/710/2 453/711/2 452/706/2
f 421/712/2 422/713/2 407/714/2 408/715/2
f 465/716/10 470/717/10 438/718/10 433/719/10
f 490/720/2 478/721/2 446/722/2 458/723/2
f 425/682/2 426/681/2 401/724/2 402/725/2
f 473/726/10 472/727/10 440/728/10 441/729/10
f 453/711/53 447/730/53 431/731/53 437/732/53
f 578/733/57 566/734/57 416/735/57 396/736/57
f 457/737/7 444/738/7 428/739/7 441/729/7
f 566/740/46 560/741/46 415/742/46 416/743/46
f 454/744/43 449/745/43 433/719/43 438/718/43
f 574/662/61 564/746/61 418/747/61 400/663/61
f 505/748/134 504/749/134 472/727/134 473/726/134
f 464/750/10 463/751/10 431/731/10 432/752/10
f 486/753/2 481/754/2 449/745/2 454/744/2
f 476/755/2 491/756/2 459/757/2 444/738/2
f 460/758/10 473/726/10 441/729/10 428/739/10
f 518/759/135 513/760/135 481/754/135 486/753/135
f 533/761/10 524/762/10 494/763/10 493/764/10
f 512/765/136 520/766/136 488/767/136 480/768/136
f 571/769/2 556/770/2 510/771/2 522/772/2
f 522/773/137 510/774/137 478/721/137 490/720/137
f 561/775/2 569/776/2 518/777/2 519/778/2
f 475/779/10 460/758/10 428/739/10 443/780/10
f 531/781/10 532/782/10 492/783/10 507/784/10
f 477/785/2 487/786/2 455/698/2 445/697/2
f 567/787/2 559/788/2 515/789/2 514/790/2
f 461/791/10 462/792/10 430/793/10 429/700/10
f 463/751/10 469/794/10 437/732/10 431/731/10
f 557/795/58 577/668/58 397/671/58 411/796/58
f 444/738/49 459/757/49 443/780/49 428/739/49
f 570/797/3 557/798/3 411/799/3 412/800/3
f 459/757/47 458/723/47 442/801/47 443/780/47
f 390/652/65 569/802/65 423/803/65 406/804/65
f 547/805/138 548/806/138 572/654/138 573/653/138
f 448/807/45 456/808/45 440/728/45 432/752/45
f 554/809/139 555/810/139 393/675/139 392/811/139
f 551/646/140 552/649/140 390/652/140 389/647/140
f 494/812/141 506/813/141 474/814/141 462/792/141
f 548/806/142 549/689/142 387/690/142 572/654/142
f 579/702/53 578/733/53 396/736/53 395/703/53
f 516/815/143 517/816/143 485/710/143 484/709/143
f 558/817/64 391/651/64 407/818/64 422/819/64
f 497/820/144 502/821/144 470/717/144 465/716/144
f 563/822/62 573/653/62 401/656/62 426/823/62
f 563/824/2 571/769/2 522/772/2 523/825/2
f 535/826/10 526/827/10 497/828/10 498/829/10
f 558/830/2 567/787/2 514/790/2 513/831/2
f 570/832/2 562/833/2 521/834/2 520/835/2
f 560/836/2 566/837/2 511/838/2 517/839/2
f 492/840/145 505/748/145 473/726/145 460/758/145
f 501/841/146 500/842/146 468/843/146 469/794/146
f 509/844/147 519/845/147 487/786/147 477/785/147
f 513/760/148 514/846/148 482/847/148 481/754/148
f 496/848/149 495/849/149 463/751/149 464/750/149
f 527/850/10 535/826/10 498/829/10 499/851/10
f 526/827/10 537/852/10 502/853/10 497/828/10
f 569/776/2 558/830/2 513/831/2 518/777/2
f 556/770/2 565/854/2 509/855/2 510/771/2
f 557/856/2 570/832/2 520/835/2 512/857/2
f 536/858/10 527/850/10 499/851/10 500/859/10
f 480/768/2 488/767/2 456/808/2 448/807/2
f 503/860/150 493/861/150 461/791/150 471/862/150
f 519/845/151 518/759/151 486/753/151 487/786/151
f 532/782/10 530/863/10 505/864/10 492/783/10
f 495/849/152 501/841/152 469/794/152 463/751/152
f 520/766/153 521/865/153 489/866/153 488/767/153
f 568/867/2 560/836/2 517/839/2 516/868/2
f 500/842/154 499/869/154 467/870/154 468/843/154
f 523/871/155 522/773/155 490/720/155 491/756/155
f 488/767/2 489/866/2 457/737/2 456/808/2
f 485/710/2 479/872/2 447/730/2 453/711/2
f 466/873/10 465/716/10 433/719/10 434/874/10
f 491/756/2 490/720/2 458/723/2 459/757/2
f 471/862/10 461/791/10 429/700/10 439/699/10
f 489/866/2 476/755/2 444/738/2 457/737/2
f 483/875/2 484/709/2 452/706/2 451/705/2
f 567/876/7 558/877/7 422/713/7 421/712/7
f 528/878/10 536/858/10 500/859/10 501/879/10
f 561/880/2 565/881/2 388/648/2 389/647/2
f 524/762/10 539/882/10 506/883/10 494/763/10
f 394/676/6 568/884/6 414/885/6 410/677/6
f 539/882/10 531/781/10 507/784/10 506/883/10
f 538/886/10 525/887/10 496/888/10 504/889/10
f 564/890/2 563/824/2 523/825/2 508/891/2
f 530/863/10 538/886/10 504/889/10 505/864/10
f 562/833/2 564/890/2 508/891/2 521/834/2
f 537/852/10 529/892/10 503/893/10 502/853/10
f 565/854/2 561/775/2 519/778/2 509/855/2
f 391/651/9 392/811/9 408/894/9 407/818/9
f 555/810/2 554/809/2 553/650/2 552/649/2 551/646/2 550/645/2 549/689/2 548/806/2 547/805/2 546/895/2 545/896/2 544/897/2 543/898/2 542/899/2 541/900/2 540/901/2
f 556/902/2 571/695/2 572/654/2 387/690/2
f 388/648/8 565/881/8 419/903/8 404/904/8
f 534/905/10 528/878/10 501/879/10 495/906/10
f 525/887/10 534/905/10 495/906/10 496/888/10
f 559/788/2 568/867/2 516/868/2 515/789/2
f 515/907/156 516/815/156 484/709/156 483/875/156
f 508/908/157 523/871/157 491/756/157 476/755/157
f 502/821/158 503/860/158 471/862/158 470/717/158
f 507/909/159 492/840/159 460/758/159 475/779/159
f 493/861/160 494/812/160 462/792/160 461/791/160
f 511/910/161 512/765/161 480/768/161 479/872/161
f 521/865/162 508/908/162 476/755/162 489/866/162
f 517/816/163 511/910/163 479/872/163 485/710/163
f 499/869/164 498/911/164 466/873/164 467/870/164
f 529/892/10 533/761/10 493/764/10 503/893/10
f 510/774/165 509/844/165 477/785/165 478/721/165
f 566/837/2 557/856/2 512/857/2 511/838/2
f 498/911/166 497/820/166 465/716/166 466/873/166
f 557/795/2 566/734/2 578/733/2 577/668/2
f 472/727/10 464/750/10 432/752/10 440/728/10
f 449/745/9 450/912/9 434/874/9 433/719/9
f 514/846/167 515/907/167 483/875/167 482/847/167
f 468/843/10 467/870/10 435/708/10 436/707/10
f 450/912/54 451/705/54 435/708/54 434/874/54
f 458/723/48 446/722/48 430/793/48 442/801/48
f 456/808/50 457/737/50 441/729/50 440/728/50
f 455/698/3 454/744/3 438/718/3 439/699/3
f 452/706/52 453/711/52 437/732/52 436/707/52
f 447/730/44 448/807/44 432/752/44 431/731/44
f 446/722/46 445/697/46 429/700/46 430/793/46
f 487/786/2 486/753/2 454/744/2 455/698/2
f 474/814/10 475/779/10 443/780/10 442/801/10
f 506/813/168 507/909/168 475/779/168 474/814/168
f 504/749/169 496/848/169 464/750/169 472/727/169
f 482/847/2 483/875/2 451/705/2 450/912/2
f 563/822/2 564/746/2 574/662/2 573/653/2
f 559/913/2 567/914/2 392/811/2 393/675/2
f 560/701/2 568/884/2 394/676/2 579/702/2
f 556/902/5 387/690/5 403/915/5 420/916/5
f 559/913/4 393/675/4 409/678/4 413/917/4
f 558/817/2 569/802/2 390/652/2 391/651/2
f 389/647/3 390/652/3 406/804/3 405/918/3
f 387/690/46 388/648/46 404/904/46 403/915/46
f 530/919/10 532/920/10 427/674/10
f 564/921/9 562/922/9 417/923/9 418/924/9
f 423/925/2 424/926/2 405/927/2 406/928/2
f 534/929/10 525/930/10 427/667/10
f 555/810/170 540/901/170 394/676/170 393/675/170
f 576/669/59 570/931/59 412/932/59 398/670/59
f 531/933/10 539/934/10 427/674/10
f 392/811/63 567/914/63 421/935/63 408/894/63
f 418/924/2 417/923/2 399/936/2 400/937/2
f 416/743/2 415/742/2 395/938/2 396/939/2
f 546/895/171 547/805/171 573/653/171 574/662/171
f 553/650/172 554/809/172 392/811/172 391/651/172
f 562/940/60 575/661/60 399/664/60 417/941/60
f 525/942/10 538/943/10 427/674/10
f 561/880/66 389/647/66 405/918/66 424/944/66
f 562/940/2 570/931/2 576/669/2 575/661/2
f 569/945/45 561/946/45 424/926/45 423/925/45
f 532/947/10 531/948/10 427/667/10
f 536/949/10 528/950/10 427/667/10
f 535/951/10 527/952/10 427/667/10
f 526/953/10 535/954/10 427/674/10
f 537/955/10 526/956/10 427/667/10
f 529/957/10 537/958/10 427/674/10
f 533/959/10 529/960/10 427/667/10
f 524/961/10 533/962/10 427/674/10
f 539/963/10 524/964/10 427/667/10
f 412/800/2 411/799/2 397/965/2 398/966/2
f 478/721/2 477/785/2 445/697/2 446/722/2
f 467/870/10 466/873/10 434/874/10 435/708/10
f 479/872/2 480/768/2 448/807/2 447/730/2
f 469/794/10 468/843/10 436/707/10 437/732/10
f 481/754/2 482/847/2 450/912/2 449/745/2
f 470/717/10 471/862/10 439/699/10 438/718/10
f 462/792/10 474/814/10 442/801/10 430/793/10
f 545/896/173 546/895/173 574/662/173 575/661/173
f 544/897/174 545/896/174 575/661/174 576/669/174
f 543/898/175 544/897/175 576/669/175 577/668/175
f 542/899/176 543/898/176 577/668/176 578/733/176
f 541/900/177 542/899/177 578/733/177 579/702/177
f 540/901/178 541/900/178 579/702/178 394/676/178
f 743/967/179 581/968/179 582/969/179 744/970/179
f 745/971/180 583/972/180 584/973/180 746/974/180
f 766/975/47 594/976/47 595/977/47 765/978/47
f 612/979/10 597/980/10 596/981/10 613/982/10
f 768/983/7 592/984/7 593/985/7 767/986/7
f 731/987/2 620/988/2 723/989/2
f 770/990/45 590/991/45 591/992/45 769/993/45
f 721/994/2 620/995/2 727/996/2
f 586/997/55 602/998/55 603/999/55 587/1000/55
f 764/1001/55 618/1002/55 619/1003/55 756/1004/55
f 758/1005/53 612/979/53 613/982/53 749/1006/53
f 761/1007/47 607/1008/47 606/1009/47 752/1010/47
f 742/1011/181 580/1012/181 581/968/181 743/967/181
f 607/1008/10 603/1013/10 602/1014/10 606/1009/10
f 720/1015/2 620/995/2 729/1016/2
f 765/978/1 595/977/1 618/1017/1 764/1018/1
f 638/1019/51 622/1020/51 632/1021/51 648/1022/51
f 753/1023/56 608/1024/56 588/1025/56 772/1026/56
f 644/1027/55 628/1028/55 629/1029/55 645/1030/55
f 677/1031/10 645/1030/10 646/1032/10 678/1033/10
f 614/1034/10 601/1035/10 600/1036/10 615/1037/10
f 658/1038/2 626/1039/2 631/1040/2 663/1041/2
f 683/1042/10 651/1043/10 639/1044/10 671/1045/10
f 618/1002/10 595/1046/10 594/1047/10 619/1003/10
f 666/1048/2 634/1049/2 633/1050/2 665/1051/2
f 646/1032/53 630/1052/53 624/1053/53 640/1054/53
f 771/1055/57 589/1056/57 609/1057/57 759/1058/57
f 650/1059/7 634/1049/7 621/1060/7 637/1061/7
f 759/1062/46 609/1063/46 608/1064/46 753/1065/46
f 647/1066/43 631/1040/43 626/1039/43 642/1067/43
f 767/986/61 593/985/61 611/1068/61 757/1069/61
f 698/1070/182 666/1048/182 665/1051/182 697/1071/182
f 657/1072/2 625/1073/2 624/1053/2 656/1074/2
f 679/1075/10 647/1066/10 642/1067/10 674/1076/10
f 669/1077/10 637/1061/10 652/1078/10 684/1079/10
f 653/1080/2 621/1060/2 634/1049/2 666/1048/2
f 711/1081/183 679/1075/183 674/1076/183 706/1082/183
f 726/1083/2 686/1084/2 687/1085/2 717/1086/2
f 705/1087/184 673/1088/184 681/1089/184 713/1090/184
f 764/1091/10 715/1092/10 703/1093/10 749/1094/10
f 715/1095/185 683/1042/185 671/1045/185 703/1096/185
f 754/1097/10 712/1098/10 711/1099/10 762/1100/10
f 668/1101/2 636/1102/2 621/1060/2 653/1080/2
f 724/1103/2 700/1104/2 685/1105/2 725/1106/2
f 670/1107/10 638/1019/10 648/1022/10 680/1108/10
f 760/1109/10 707/1110/10 708/1111/10 752/1112/10
f 654/1113/2 622/1020/2 623/1114/2 655/1115/2
f 656/1074/2 624/1053/2 630/1052/2 662/1116/2
f 750/1117/58 604/1118/58 590/991/58 770/990/58
f 637/1061/49 621/1060/49 636/1102/49 652/1078/49
f 763/1119/3 605/1120/3 604/1121/3 750/1122/3
f 652/1078/47 636/1102/47 635/1123/47 651/1043/47
f 583/972/65 599/1124/65 616/1125/65 762/1126/65
f 740/1127/186 766/975/186 765/978/186 741/1128/186
f 641/1129/45 625/1073/45 633/1050/45 649/1130/45
f 747/1131/187 585/1132/187 586/997/187 748/1133/187
f 744/970/188 582/969/188 583/972/188 745/971/188
f 687/1134/189 655/1115/189 667/1135/189 699/1136/189
f 741/1128/190 765/978/190 580/1012/190 742/1011/190
f 772/1026/53 588/1025/53 589/1056/53 771/1055/53
f 709/1137/191 677/1031/191 678/1033/191 710/1138/191
f 751/1139/64 615/1140/64 600/1141/64 584/973/64
f 690/1142/192 658/1038/192 663/1041/192 695/1143/192
f 756/1144/62 619/1145/62 594/976/62 766/975/62
f 756/1146/10 716/1147/10 715/1092/10 764/1091/10
f 728/1148/2 691/1149/2 690/1150/2 719/1151/2
f 751/1152/10 706/1153/10 707/1110/10 760/1109/10
f 763/1154/10 713/1155/10 714/1156/10 755/1157/10
f 753/1158/10 710/1159/10 704/1160/10 759/1161/10
f 685/1162/193 653/1080/193 666/1048/193 698/1070/193
f 694/1163/194 662/1116/194 661/1164/194 693/1165/194
f 702/1166/195 670/1107/195 680/1108/195 712/1167/195
f 706/1082/196 674/1076/196 675/1168/196 707/1169/196
f 689/1170/197 657/1072/197 656/1074/197 688/1171/197
f 720/1172/2 692/1173/2 691/1149/2 728/1148/2
f 719/1151/2 690/1150/2 695/1174/2 730/1175/2
f 762/1100/10 711/1099/10 706/1153/10 751/1152/10
f 749/1094/10 703/1093/10 702/1176/10 758/1177/10
f 750/1178/10 705/1179/10 713/1155/10 763/1154/10
f 729/1180/2 693/1181/2 692/1173/2 720/1172/2
f 673/1088/10 641/1129/10 649/1130/10 681/1089/10
f 696/1182/198 664/1183/198 654/1113/198 686/1184/198
f 712/1167/199 680/1108/199 679/1075/199 711/1081/199
f 725/1106/2 685/1105/2 698/1185/2 723/1186/2
f 688/1171/200 656/1074/200 662/1116/200 694/1163/200
f 713/1090/201 681/1089/201 682/1187/201 714/1188/201
f 761/1189/10 709/1190/10 710/1159/10 753/1158/10
f 693/1165/202 661/1164/202 660/1191/202 692/1192/202
f 716/1193/203 684/1079/203 683/1042/203 715/1095/203
f 681/1089/10 649/1130/10 650/1059/10 682/1187/10
f 678/1033/10 646/1032/10 640/1054/10 672/1194/10
f 659/1195/2 627/1196/2 626/1039/2 658/1038/2
f 684/1079/10 652/1078/10 651/1043/10 683/1042/10
f 664/1183/2 632/1021/2 622/1020/2 654/1113/2
f 682/1187/10 650/1059/10 637/1061/10 669/1077/10
f 676/1197/10 644/1027/10 645/1030/10 677/1031/10
f 760/1198/7 614/1034/7 615/1037/7 751/1199/7
f 721/1200/2 694/1201/2 693/1181/2 729/1180/2
f 754/1202/10 582/969/10 581/968/10 758/1203/10
f 717/1086/2 687/1085/2 699/1204/2 732/1205/2
f 587/1000/6 603/999/6 607/1206/6 761/1207/6
f 732/1205/2 699/1204/2 700/1104/2 724/1103/2
f 731/1208/2 697/1209/2 689/1210/2 718/1211/2
f 757/1212/10 701/1213/10 716/1147/10 756/1146/10
f 723/1186/2 698/1185/2 697/1209/2 731/1208/2
f 755/1157/10 714/1156/10 701/1213/10 757/1212/10
f 730/1175/2 695/1174/2 696/1214/2 722/1215/2
f 758/1177/10 702/1176/10 712/1098/10 754/1097/10
f 584/973/9 600/1141/9 601/1216/9 585/1132/9
f 748/1133/10 733/1217/10 734/1218/10 735/1219/10 736/1220/10 737/1221/10 738/1222/10 739/1223/10 740/1127/10 741/1128/10 742/1011/10 743/967/10 744/970/10 745/971/10 746/974/10 747/1131/10
f 749/1224/10 580/1012/10 765/978/10 764/1018/10
f 581/968/8 597/1225/8 612/1226/8 758/1203/8
f 727/1227/2 688/1228/2 694/1201/2 721/1200/2
f 718/1211/2 689/1210/2 688/1228/2 727/1227/2
f 752/1112/10 708/1111/10 709/1190/10 761/1189/10
f 708/1229/204 676/1197/204 677/1031/204 709/1137/204
f 701/1230/205 669/1077/205 684/1079/205 716/1193/205
f 695/1143/206 663/1041/206 664/1183/206 696/1182/206
f 700/1231/207 668/1101/207 653/1080/207 685/1162/207
f 686/1184/208 654/1113/208 655/1115/208 687/1134/208
f 704/1232/209 672/1194/209 673/1088/209 705/1087/209
f 714/1188/210 682/1187/210 669/1077/210 701/1230/210
f 710/1138/211 678/1033/211 672/1194/211 704/1232/211
f 692/1192/212 660/1191/212 659/1195/212 691/1233/212
f 722/1215/2 696/1214/2 686/1084/2 726/1083/2
f 703/1096/213 671/1045/213 670/1107/213 702/1166/213
f 759/1161/10 704/1160/10 705/1179/10 750/1178/10
f 691/1233/214 659/1195/214 658/1038/214 690/1142/214
f 750/1117/10 770/990/10 771/1055/10 759/1058/10
f 665/1051/2 633/1050/2 625/1073/2 657/1072/2
f 642/1067/9 626/1039/9 627/1196/9 643/1234/9
f 707/1169/215 675/1168/215 676/1197/215 708/1229/215
f 661/1164/2 629/1029/2 628/1028/2 660/1191/2
f 643/1234/54 627/1196/54 628/1028/54 644/1027/54
f 651/1043/48 635/1123/48 623/1114/48 639/1044/48
f 649/1130/50 633/1050/50 634/1049/50 650/1059/50
f 648/1022/3 632/1021/3 631/1040/3 647/1066/3
f 645/1030/52 629/1029/52 630/1052/52 646/1032/52
f 640/1054/44 624/1053/44 625/1073/44 641/1129/44
f 639/1044/46 623/1114/46 622/1020/46 638/1019/46
f 680/1108/10 648/1022/10 647/1066/10 679/1075/10
f 667/1135/2 635/1123/2 636/1102/2 668/1101/2
f 699/1136/216 667/1135/216 668/1101/216 700/1231/216
f 697/1071/217 665/1051/217 657/1072/217 689/1170/217
f 675/1168/10 643/1234/10 644/1027/10 676/1197/10
f 756/1144/10 766/975/10 767/986/10 757/1069/10
f 752/1235/10 586/997/10 585/1132/10 760/1236/10
f 753/1023/10 772/1026/10 587/1000/10 761/1207/10
f 749/1224/5 613/1237/5 596/1238/5 580/1012/5
f 752/1235/4 606/1239/4 602/998/4 586/997/4
f 751/1139/10 584/973/10 583/972/10 762/1126/10
f 582/969/3 598/1240/3 599/1124/3 583/972/3
f 580/1012/46 596/1238/46 597/1225/46 581/968/46
f 723/1241/2 620/995/2 725/1242/2
f 757/1243/9 611/1244/9 610/1245/9 755/1246/9
f 616/1247/10 599/1248/10 598/1249/10 617/1250/10
f 727/1251/2 620/988/2 718/1252/2
f 748/1133/218 586/997/218 587/1000/218 733/1217/218
f 769/993/59 591/992/59 605/1253/59 763/1254/59
f 724/1255/2 620/995/2 732/1256/2
f 585/1132/63 601/1216/63 614/1257/63 760/1236/63
f 611/1244/10 593/1258/10 592/1259/10 610/1245/10
f 609/1063/10 589/1260/10 588/1261/10 608/1064/10
f 739/1223/219 767/986/219 766/975/219 740/1127/219
f 746/974/220 584/973/220 585/1132/220 747/1131/220
f 755/1262/60 610/1263/60 592/984/60 768/983/60
f 718/1264/2 620/995/2 731/1265/2
f 754/1202/66 617/1266/66 598/1240/66 582/969/66
f 755/1262/10 768/983/10 769/993/10 763/1254/10
f 762/1267/45 616/1247/45 617/1250/45 754/1268/45
f 725/1269/2 620/988/2 724/1270/2
f 729/1271/2 620/988/2 721/1272/2
f 728/1273/2 620/988/2 720/1274/2
f 719/1275/2 620/995/2 728/1276/2
f 730/1277/2 620/988/2 719/1278/2
f 722/1279/2 620/995/2 730/1280/2
f 726/1281/2 620/988/2 722/1282/2
f 717/1283/2 620/995/2 726/1284/2
f 732/1285/2 620/988/2 717/1286/2
f 605/1120/10 591/1287/10 590/1288/10 604/1121/10
f 671/1045/10 639/1044/10 638/1019/10 670/1107/10
f 660/1191/2 628/1028/2 627/1196/2 659/1195/2
f 672/1194/10 640/1054/10 641/1129/10 673/1088/10
f 662/1116/2 630/1052/2 629/1029/2 661/1164/2
f 674/1076/10 642/1067/10 643/1234/10 675/1168/10
f 663/1041/2 631/1040/2 632/1021/2 664/1183/2
f 655/1115/2 623/1114/2 635/1123/2 667/1135/2
f 738/1222/221 768/983/221 767/986/221 739/1223/221
f 737/1221/222 769/993/222 768/983/222 738/1222/222
f 736/1220/223 770/990/223 769/993/223 737/1221/223
f 735/1219/224 771/1055/224 770/990/224 736/1220/224
f 734/1218/225 772/1026/225 771/1055/225 735/1219/225
f 733/1217/226 587/1000/226 772/1026/226 734/1218/226
f 800/1289/227 802/1290/227 799/1291/227 797/1292/227
f 916/1293/228 775/1294/228 906/1295/228 938/1296/228
f 783/1297/65 792/1298/65 825/1299/65 814/1300/65
f 781/1301/229 778/1302/229 973/1303/229 975/1304/229
f 905/1305/59 908/1306/59 978/1307/59 979/1308/59
f 782/1309/65 810/1310/65 825/1299/65 792/1298/65
f 1315/1311/10 1324/1312/10 1297/1313/10 1298/1314/10
f 785/1315/6 788/1316/6 795/1317/6 794/1318/6
f 797/1292/6 794/1318/6 795/1317/6 800/1289/6
f 1303/1319/10 1312/1320/10 1294/1321/10 1293/1322/10
f 803/1323/230 801/1324/230 796/1325/230 798/1326/230
f 913/1327/10 951/1328/10 957/1329/10 919/1330/10
f 773/1331/65 910/1332/65 922/1333/65 777/1334/65
f 906/1295/231 775/1294/231 969/1335/231 971/1336/231
f 913/1327/65 926/1337/65 783/1297/65 950/1338/65 952/1339/65 953/1340/65 951/1328/65
f 777/1334/65 922/1333/65 929/1341/65 781/1301/65
f 1285/1342/6 793/1343/6 909/1344/6 1286/1345/6
f 911/1346/2 917/1347/2 954/1348/2 946/1349/2
f 783/1297/232 1285/1350/232 1287/1351/232 950/1338/232
f 782/1309/233 947/1352/233 1290/1353/233 1284/1354/233
f 774/1355/234 914/1356/234 920/1357/234 776/1358/234
f 907/1359/59 906/1295/59 971/1336/59 976/1360/59
f 774/1355/65 778/1302/65 925/1361/65 914/1356/65
f 805/1362/235 877/1363/235 865/1364/235 829/1365/235
f 802/1290/236 800/1289/236 838/1366/236 834/1367/236
f 788/1316/237 785/1315/237 787/1368/237 790/1369/237
f 790/1369/238 787/1368/238 786/1370/238 791/1371/238
f 791/1371/239 786/1370/239 784/1372/239 789/1373/239
f 802/1290/240 803/1323/240 798/1326/240 799/1291/240
f 858/1374/241 829/1365/241 861/1375/241 849/1376/241 846/1377/241 854/1378/241
f 793/1343/6 1284/1379/6 1283/1380/6 909/1344/6
f 813/1381/65 826/1382/65 794/1318/65 797/1292/65 799/1291/65 798/1326/65 796/1325/65
f 926/1337/65 928/1383/65 792/1298/65 783/1297/65
f 937/1384/59 1006/1385/59 1283/1386/59 1289/1387/59 961/1388/59 962/1389/59 960/1390/59
f 774/1355/242 776/1358/242 966/1391/242 970/1392/242
f 923/1393/65 782/1309/65 792/1298/65 928/1383/65
f 778/1302/65 781/1301/65 929/1341/65 925/1361/65
f 778/1302/229 774/1355/229 970/1392/229 973/1303/229
f 904/1394/59 905/1305/59 979/1308/59 977/1395/59
f 801/1324/243 803/1323/243 831/1396/243 866/1397/243
f 826/1382/65 809/1398/65 784/1372/65 786/1370/65 787/1368/65 785/1315/65 794/1318/65
f 892/1399/244 805/1362/244 829/1365/244 858/1374/244
f 829/1365/245 865/1364/245 830/1400/245 835/1401/245 839/1402/245 861/1375/245
f 800/1289/246 795/1317/246 862/1403/246 838/1366/246
f 1285/1350/247 817/1404/247 873/1405/247 1286/1406/247
f 795/1317/246 788/1316/246 850/1407/246 862/1403/246
f 842/1408/248 804/1409/248 806/1410/248 889/1411/248
f 789/1373/249 822/1412/249 893/1413/249 857/1414/249
f 788/1316/250 790/1369/250 845/1415/250 850/1407/250
f 791/1371/251 789/1373/251 857/1414/251 853/1416/251
f 888/1417/252 821/1418/252 1284/1354/252 1283/1386/252
f 873/1405/253 817/1404/253 819/1419/253 881/1420/253
f 784/1372/254 809/1398/254 822/1412/254 789/1373/254
f 814/1300/255 817/1404/255 1285/1350/255 783/1297/255
f 821/1418/254 810/1310/254 782/1309/254 1284/1354/254
f 796/1325/255 801/1324/255 818/1421/255 813/1381/255
f 881/1420/256 819/1419/256 820/1422/256 885/1423/256
f 821/1418/257 888/1417/257 897/1424/257 823/1425/257
f 885/1423/258 820/1422/258 818/1421/258 876/1426/258
f 880/1427/259 808/1428/259 806/1410/259 872/1429/259
f 884/1430/260 807/1431/260 808/1428/260 880/1427/260
f 877/1363/261 805/1362/261 807/1431/261 884/1430/261
f 822/1412/254 809/1398/254 811/1432/254 824/1433/254
f 824/1433/254 811/1432/254 812/1434/254 823/1425/254
f 823/1425/254 812/1434/254 810/1310/254 821/1418/254
f 814/1300/65 825/1299/65 827/1435/65 816/1436/65
f 816/1436/65 827/1435/65 828/1437/65 815/1438/65
f 815/1438/65 828/1437/65 826/1382/65 813/1381/65
f 808/1428/262 896/1439/262 889/1411/262 806/1410/262
f 807/1431/263 900/1440/263 896/1439/263 808/1428/263
f 823/1425/264 897/1424/264 901/1441/264 824/1433/264
f 825/1299/65 810/1310/65 812/1434/65 827/1435/65
f 827/1435/65 812/1434/65 811/1432/65 828/1437/65
f 828/1437/65 811/1432/65 809/1398/65 826/1382/65
f 813/1381/255 818/1421/255 820/1422/255 815/1438/255
f 815/1438/255 820/1422/255 819/1419/255 816/1436/255
f 816/1436/255 819/1419/255 817/1404/255 814/1300/255
f 824/1433/265 901/1441/265 893/1413/265 822/1412/265
f 805/1362/266 892/1399/266 900/1440/266 807/1431/266
f 790/1369/267 791/1371/267 853/1416/267 845/1415/267
f 869/1442/268 872/1429/268 806/1410/268 804/1409/268
f 876/1426/269 818/1421/269 801/1324/269 866/1397/269
f 831/1396/270 834/1367/270 836/1443/270 833/1444/270
f 833/1444/271 836/1443/271 837/1445/271 832/1446/271
f 832/1446/272 837/1445/272 835/1401/272 830/1400/272
f 834/1367/273 838/1366/273 840/1447/273 836/1443/273
f 836/1443/274 840/1447/274 841/1448/274 837/1445/274
f 837/1445/275 841/1448/275 839/1402/275 835/1401/275
f 846/1377/276 849/1376/276 851/1449/276 848/1450/276
f 848/1450/277 851/1449/277 852/1451/277 847/1452/277
f 847/1452/278 852/1451/278 850/1407/278 845/1415/278
f 854/1378/279 846/1377/279 848/1450/279 856/1453/279
f 856/1453/280 848/1450/280 847/1452/280 855/1454/280
f 855/1454/281 847/1452/281 845/1415/281 853/1416/281
f 858/1374/282 854/1378/282 856/1453/282 860/1455/282
f 860/1455/283 856/1453/283 855/1454/283 859/1456/283
f 859/1456/284 855/1454/284 853/1416/284 857/1414/284
f 849/1376/285 861/1375/285 863/1457/285 851/1449/285
f 851/1449/286 863/1457/286 864/1458/286 852/1451/286
f 852/1451/287 864/1458/287 862/1403/287 850/1407/287
f 866/1397/288 831/1396/288 833/1444/288 868/1459/288
f 868/1459/289 833/1444/289 832/1446/289 867/1460/289
f 867/1460/290 832/1446/290 830/1400/290 865/1364/290
f 838/1366/291 862/1403/291 864/1458/291 840/1447/291
f 840/1447/292 864/1458/292 863/1457/292 841/1448/292
f 841/1448/293 863/1457/293 861/1375/293 839/1402/293
f 885/1423/294 876/1426/294 878/1461/294 887/1462/294
f 887/1462/295 878/1461/295 879/1463/295 886/1464/295
f 886/1464/296 879/1463/296 877/1363/296 884/1430/296
f 881/1420/297 885/1423/297 887/1462/297 883/1465/297
f 883/1465/298 887/1462/298 886/1464/298 882/1466/298
f 882/1466/299 886/1464/299 884/1430/299 880/1427/299
f 873/1405/300 881/1420/300 883/1465/300 875/1467/300
f 875/1467/301 883/1465/301 882/1466/301 874/1468/301
f 874/1468/302 882/1466/302 880/1427/302 872/1429/302
f 889/1411/303 896/1439/303 898/1469/303 891/1470/303
f 891/1470/304 898/1469/304 899/1471/304 890/1472/304
f 890/1472/305 899/1471/305 897/1424/305 888/1417/305
f 896/1439/306 900/1440/306 902/1473/306 898/1469/306
f 898/1469/307 902/1473/307 903/1474/307 899/1471/307
f 899/1471/308 903/1474/308 901/1441/308 897/1424/308
f 900/1440/309 892/1399/309 894/1475/309 902/1473/309
f 902/1473/310 894/1475/310 895/1476/310 903/1474/310
f 903/1474/311 895/1476/311 893/1413/311 901/1441/311
f 857/1414/312 893/1413/312 895/1476/312 859/1456/312
f 859/1456/313 895/1476/313 894/1475/313 860/1455/313
f 860/1455/314 894/1475/314 892/1399/314 858/1374/314
f 1286/1406/315 873/1405/315 875/1467/315 870/1477/315
f 870/1477/316 875/1467/316 874/1468/316 871/1478/316
f 871/1478/317 874/1468/317 872/1429/317 869/1442/317
f 876/1426/318 866/1397/318 868/1459/318 878/1461/318
f 878/1461/319 868/1459/319 867/1460/319 879/1463/319
f 879/1463/320 867/1460/320 865/1364/320 877/1363/320
f 888/1417/321 1283/1386/321 844/1479/321 890/1472/321
f 890/1472/322 844/1479/322 843/1480/322 891/1470/322
f 891/1470/323 843/1480/323 842/1408/323 889/1411/323
f 803/1323/324 802/1290/324 834/1367/324 831/1396/324
f 906/1295/59 907/1359/59 941/1481/59 938/1296/59
f 905/1305/59 932/1482/59 943/1483/59 908/1306/59
f 934/1484/59 963/1485/59 964/1486/59 965/1487/59 1288/1488/59 1286/1406/59 1003/1489/59
f 907/1359/59 908/1306/59 943/1483/59 941/1481/59
f 904/1394/59 935/1490/59 932/1482/59 905/1305/59
f 776/1358/242 904/1394/242 977/1395/242 966/1391/242
f 776/1358/234 920/1357/234 935/1490/234 904/1394/234
f 954/1348/2 917/1347/2 937/1384/2 960/1390/2
f 919/1330/10 957/1329/10 963/1485/10 934/1484/10
f 914/1356/65 925/1361/65 927/1491/65 915/1492/65
f 915/1492/65 927/1491/65 926/1337/65 913/1327/65
f 923/1393/65 928/1383/65 930/1493/65 924/1494/65
f 924/1494/65 930/1493/65 929/1341/65 922/1333/65
f 920/1357/325 914/1356/325 915/1492/325 921/1495/325
f 921/1495/326 915/1492/326 913/1327/326 919/1330/326
f 911/1346/65 923/1393/65 924/1494/65 912/1496/65
f 912/1496/65 924/1494/65 922/1333/65 910/1332/65
f 917/1347/327 911/1346/327 912/1496/327 918/1497/327
f 918/1497/328 912/1496/328 910/1332/328 916/1293/328
f 919/1330/326 934/1484/326 936/1498/326 921/1495/326
f 921/1495/325 936/1498/325 935/1490/325 920/1357/325
f 925/1361/65 929/1341/65 930/1493/65 927/1491/65
f 927/1491/65 930/1493/65 928/1383/65 926/1337/65
f 932/1482/59 935/1490/59 936/1498/59 933/1499/59
f 933/1499/59 936/1498/59 934/1484/59 1003/1489/59
f 1431/1500/59 1432/1501/59 1428/1502/59 1425/1503/59 1001/1504/59
f 945/1505/59 942/1506/59 941/1507/59 943/1508/59
f 1006/1385/59 937/1384/59 939/1509/59 942/1510/59
f 942/1510/59 939/1509/59 938/1296/59 941/1481/59
f 943/1508/59 932/1511/59 933/1512/59 945/1505/59
f 1426/1513/59 1001/1504/59 1433/1514/59 1429/1515/59
f 937/1384/327 917/1347/327 918/1497/327 939/1509/327
f 939/1509/328 918/1497/328 916/1293/328 938/1296/328
f 773/1331/228 775/1294/228 916/1293/228 910/1332/228
f 1287/1351/329 1288/1488/329 965/1487/329 959/1516/329
f 959/1516/330 965/1487/330 964/1486/330 958/1517/330
f 958/1517/331 964/1486/331 963/1485/331 957/1329/331
f 957/1329/331 951/1328/331 953/1340/331 958/1517/331
f 958/1517/330 953/1340/330 952/1339/330 959/1516/330
f 959/1516/329 952/1339/329 950/1338/329 1287/1351/329
f 1290/1353/332 947/1352/332 949/1518/332 956/1519/332
f 956/1519/333 949/1518/333 948/1520/333 955/1521/333
f 955/1521/334 948/1520/334 946/1349/334 954/1348/334
f 1289/1387/332 1290/1353/332 956/1519/332 961/1388/332
f 961/1388/333 956/1519/333 955/1521/333 962/1389/333
f 962/1389/335 955/1521/335 954/1348/335 960/1390/335
f 911/1346/65 946/1349/65 948/1520/65 949/1518/65 947/1352/65 782/1309/65 923/1393/65
f 1032/1522/336 1013/1523/336 984/1524/336 985/1525/336
f 1011/1526/59 1023/1527/59 989/1528/59 987/1529/59
f 1034/1530/337 1016/1531/337 779/1532/337 980/1533/337
f 1016/1531/336 1020/1534/336 983/1535/336 779/1532/336
f 1023/1527/59 1035/1536/59 988/1537/59 989/1528/59
f 1020/1534/338 1032/1522/338 985/1525/338 983/1535/338
f 1033/1538/337 1034/1530/337 980/1533/337 982/1539/337
f 1035/1536/59 1036/1540/59 986/1541/59 988/1537/59
f 775/1294/231 773/1331/231 968/1542/231 969/1335/231
f 908/1306/59 907/1359/59 976/1360/59 978/1307/59
f 773/1331/229 777/1334/229 972/1543/229 968/1542/229
f 777/1334/229 781/1301/229 975/1304/229 972/1543/229
f 985/1525/339 984/1524/339 994/1544/339 995/1545/339
f 987/1529/59 989/1528/59 999/1546/59 997/1547/59
f 980/1533/340 779/1532/340 967/1548/340 990/1549/340
f 779/1532/339 983/1535/339 993/1550/339 967/1548/339
f 989/1528/59 988/1537/59 998/1551/59 999/1546/59
f 983/1535/339 985/1525/339 995/1545/339 993/1550/339
f 982/1539/341 980/1533/341 990/1549/341 992/1552/341
f 988/1537/59 986/1541/59 996/1553/59 998/1551/59
f 1013/1523/336 1037/1554/336 981/1555/336 984/1524/336
f 1038/1556/342 1011/1526/342 987/1529/342 780/1557/342
f 1036/1540/59 1033/1538/59 982/1539/59 986/1541/59
f 1037/1554/342 1038/1556/342 780/1557/342 981/1555/342
f 995/1545/343 994/1544/343 1139/1558/343 1142/1559/343
f 990/1549/344 967/1548/344 1134/1560/344 1135/1561/344
f 997/1547/59 999/1546/59 1146/1562/59 1144/1563/59
f 967/1548/343 993/1550/343 1138/1564/343 1134/1560/343
f 999/1546/59 998/1551/59 1145/1565/59 1146/1562/59
f 993/1550/343 995/1545/343 1142/1559/343 1138/1564/343
f 992/1552/344 990/1549/344 1135/1561/344 1137/1566/344
f 998/1551/59 996/1553/59 1143/1567/59 1145/1565/59
f 984/1524/339 981/1555/339 991/1568/339 994/1544/339
f 780/1557/345 987/1529/345 997/1547/345 974/1569/345
f 986/1541/59 982/1539/59 992/1552/59 996/1553/59
f 981/1555/346 780/1557/346 974/1569/346 991/1568/346
f 1408/1570/347 1407/1571/347 1421/1572/347 1005/1573/347 1004/1574/347
f 1001/1504/59 1425/1503/59 1430/1575/59 1433/1514/59
f 1003/1489/348 1002/1576/348 1415/1577/348 1012/1578/348 933/1499/348
f 1007/1579/349 1006/1385/349 942/1510/349 1017/1580/349 1414/1581/349
f 844/1479/349 1283/1386/349 1006/1385/349 1007/1579/349 1409/1582/349
f 1434/1583/59 1431/1500/59 1001/1504/59 1426/1513/59 1427/1584/59
f 1424/1585/59 1410/1586/59 1422/1587/59
f 1410/1586/350 1412/1588/350 1008/1589/350 1009/1590/350 1422/1587/350
f 1413/1591/351 1408/1570/351 1004/1574/351 1002/1576/351
f 1286/1406/348 870/1477/348 1413/1591/348 1002/1576/348 1003/1489/348
f 1412/1588/352 1409/1582/352 1007/1579/352 1008/1589/352
f 1420/1592/6 1416/1593/6 1433/1514/6 1430/1575/6
f 945/1594/1 1010/1595/1 1019/1596/1 1018/1597/1 1017/1580/1 942/1510/1
f 1012/1578/1 1014/1598/1 1015/1599/1 1010/1595/1 945/1594/1 933/1499/1
f 1417/1600/59 1416/1593/59 1010/1595/59 1015/1599/59
f 1418/1601/352 1414/1581/352 1017/1580/352 1018/1597/352
f 1415/1577/351 1419/1602/351 1014/1598/351 1012/1578/351
f 1031/1603/353 1030/1604/353 1053/1605/353 1052/1606/353
f 1420/1592/350 1418/1601/350 1018/1597/350 1019/1596/350
f 1419/1602/347 1417/1600/347 1015/1599/347 1014/1598/347
f 970/1392/354 966/1391/354 1038/1556/354 1037/1554/354
f 1416/1593/59 1420/1592/59 1019/1596/59 1010/1595/59
f 1029/1607/355 1031/1603/355 1052/1606/355 1051/1608/355
f 976/1360/59 971/1336/59 1033/1538/59 1036/1540/59
f 966/1391/354 977/1395/354 1011/1526/354 1038/1556/354
f 973/1303/338 970/1392/338 1037/1554/338 1013/1523/338
f 978/1307/59 976/1360/59 1036/1540/59 1035/1536/59
f 971/1336/356 969/1335/356 1034/1530/356 1033/1538/356
f 972/1543/338 975/1304/338 1032/1522/338 1020/1534/338
f 979/1308/59 978/1307/59 1035/1536/59 1023/1527/59
f 968/1542/336 972/1543/336 1020/1534/336 1016/1531/336
f 969/1335/356 968/1542/356 1016/1531/356 1034/1530/356
f 977/1395/59 979/1308/59 1023/1527/59 1011/1526/59
f 975/1304/338 973/1303/338 1013/1523/338 1032/1522/338
f 1051/1608/357 1052/1606/357 1065/1609/357 1064/1610/357
f 941/1611/65 943/1612/65 1041/1613/65 1040/1614/65
f 931/1615/358 1024/1616/358 1047/1617/358 1045/1618/358
f 1030/1604/359 1028/1619/359 1054/1620/359 1053/1605/359
f 942/1621/6 1021/1622/6 1022/1623/6 1028/1619/6 1030/1604/6 1031/1603/6 1029/1607/6 944/1624/6 945/1625/6
f 1024/1616/360 1026/1626/360 1048/1627/360 1047/1617/360
f 1028/1619/361 1022/1623/361 1044/1628/361 1054/1620/361
f 1026/1626/362 1027/1629/362 1049/1630/362 1048/1627/362
f 940/1631/6 933/1632/6 945/1625/6 944/1624/6 1025/1633/6 1027/1629/6 1026/1626/6 1024/1616/6 931/1615/6
f 933/1632/363 940/1631/363 1042/1634/363 932/1635/363
f 1027/1629/364 1025/1633/364 1050/1636/364 1049/1630/364
f 1025/1633/365 944/1624/365 1046/1637/365 1050/1636/365
f 940/1631/366 931/1615/366 1045/1618/366 1042/1634/366
f 1021/1622/367 942/1621/367 941/1611/367 1043/1638/367
f 944/1624/368 1029/1607/368 1051/1608/368 1046/1637/368
f 1022/1623/369 1021/1622/369 1043/1638/369 1044/1628/369
f 1059/1639/370 1060/1640/370 1076/1641/370 1069/1642/370
f 1066/1643/371 1067/1644/371 1083/1645/371 1082/1646/371
f 932/1635/372 1042/1634/372 1058/1647/372 1039/1648/372
f 1052/1606/373 1053/1605/373 1066/1643/373 1065/1609/373
f 1045/1618/374 1047/1617/374 1059/1639/374 1057/1649/374
f 1053/1605/375 1054/1620/375 1067/1644/375 1066/1643/375
f 1047/1617/376 1048/1627/376 1060/1640/376 1059/1639/376
f 1054/1620/377 1044/1628/377 1056/1650/377 1067/1644/377
f 1048/1627/378 1049/1630/378 1061/1651/378 1060/1640/378
f 1049/1630/379 1050/1636/379 1062/1652/379 1061/1651/379
f 1044/1628/380 1043/1638/380 1055/1653/380 1056/1650/380
f 943/1612/65 932/1635/65 1039/1648/65 1041/1613/65
f 1043/1638/381 941/1611/381 1040/1614/381 1055/1653/381
f 1050/1636/382 1046/1637/382 1063/1654/382 1062/1652/382
f 1042/1634/383 1045/1618/383 1057/1649/383 1058/1647/383
f 1046/1637/384 1051/1608/384 1064/1610/384 1063/1654/384
f 1073/1655/385 1072/1656/385 1088/1657/385 1089/1658/385
f 1079/1659/386 1080/1660/386 1096/1661/386 1095/1662/386
f 1067/1644/387 1056/1650/387 1073/1655/387 1083/1645/387
f 1056/1650/388 1055/1653/388 1072/1656/388 1073/1655/388
f 1060/1640/389 1061/1651/389 1077/1663/389 1076/1641/389
f 1061/1651/390 1062/1652/390 1078/1664/390 1077/1663/390
f 1055/1653/391 1040/1614/391 1075/1665/391 1072/1656/391
f 1041/1613/65 1039/1648/65 1071/1666/65 1074/1667/65
f 1057/1649/392 1059/1639/392 1069/1642/392 1068/1668/392
f 1062/1652/393 1063/1654/393 1079/1659/393 1078/1664/393
f 1040/1614/65 1041/1613/65 1074/1667/65 1075/1665/65
f 1039/1648/394 1058/1647/394 1070/1669/394 1071/1666/394
f 1063/1654/395 1064/1610/395 1080/1660/395 1079/1659/395
f 1058/1647/396 1057/1649/396 1068/1668/396 1070/1669/396
f 1064/1610/397 1065/1609/397 1081/1670/397 1080/1660/397
f 1065/1609/398 1066/1643/398 1082/1646/398 1081/1670/398
f 1087/1671/399 1086/1672/399 1102/1673/399 1103/1674/399
f 1093/1675/400 1094/1676/400 1110/1677/400 1109/1678/400
f 1080/1660/401 1081/1670/401 1097/1679/401 1096/1661/401
f 1074/1667/65 1071/1666/65 1087/1671/65 1090/1680/65
f 1081/1670/402 1082/1646/402 1098/1681/402 1097/1679/402
f 1075/1665/65 1074/1667/65 1090/1680/65 1091/1682/65
f 1082/1646/403 1083/1645/403 1099/1683/403 1098/1681/403
f 1069/1642/404 1076/1641/404 1092/1684/404 1085/1685/404
f 1083/1645/405 1073/1655/405 1089/1658/405 1099/1683/405
f 1076/1641/406 1077/1663/406 1093/1675/406 1092/1684/406
f 1068/1668/407 1069/1642/407 1085/1685/407 1084/1686/407
f 1077/1663/408 1078/1664/408 1094/1676/408 1093/1675/408
f 1071/1666/409 1070/1669/409 1086/1672/409 1087/1671/409
f 1072/1656/410 1075/1665/410 1091/1682/410 1088/1657/410
f 1078/1664/411 1079/1659/411 1095/1662/411 1094/1676/411
f 1070/1669/412 1068/1668/412 1084/1686/412 1086/1672/412
f 1101/1687/413 1108/1688/413 1124/1689/413 1117/1690/413
f 1114/1691/414 1115/1692/414 1131/1693/414 1130/1694/414
f 1088/1657/415 1091/1682/415 1107/1695/415 1104/1696/415
f 1094/1676/416 1095/1662/416 1111/1697/416 1110/1677/416
f 1086/1672/417 1084/1686/417 1100/1698/417 1102/1673/417
f 1095/1662/418 1096/1661/418 1112/1699/418 1111/1697/418
f 1089/1658/419 1088/1657/419 1104/1696/419 1105/1700/419
f 1096/1661/420 1097/1679/420 1113/1701/420 1112/1699/420
f 1090/1680/65 1087/1671/65 1103/1674/65 1106/1702/65
f 1097/1679/421 1098/1681/421 1114/1691/421 1113/1701/421
f 1091/1682/65 1090/1680/65 1106/1702/65 1107/1695/65
f 1098/1681/422 1099/1683/422 1115/1692/422 1114/1691/422
f 1085/1685/423 1092/1684/423 1108/1688/423 1101/1687/423
f 1099/1683/424 1089/1658/424 1105/1700/424 1115/1692/424
f 1092/1684/425 1093/1675/425 1109/1678/425 1108/1688/425
f 1084/1686/426 1085/1685/426 1101/1687/426 1100/1698/426
f 1122/1703/1 1127/1704/1 1128/1705/1 1129/1706/1 1130/1694/1 1131/1693/1 1121/1707/1 1120/1708/1 1123/1709/1
f 1118/1710/1 1116/1711/1 1117/1690/1 1124/1689/1 1125/1712/1 1126/1713/1 1127/1704/1 1122/1703/1 1119/1714/1
f 1115/1692/427 1105/1700/427 1121/1707/427 1131/1693/427
f 1108/1688/428 1109/1678/428 1125/1712/428 1124/1689/428
f 1100/1698/429 1101/1687/429 1117/1690/429 1116/1711/429
f 1109/1678/430 1110/1677/430 1126/1713/430 1125/1712/430
f 1103/1674/431 1102/1673/431 1118/1710/431 1119/1714/431
f 1104/1696/432 1107/1695/432 1123/1709/432 1120/1708/432
f 1110/1677/433 1111/1697/433 1127/1704/433 1126/1713/433
f 1102/1673/434 1100/1698/434 1116/1711/434 1118/1710/434
f 1111/1697/435 1112/1699/435 1128/1705/435 1127/1704/435
f 1105/1700/436 1104/1696/436 1120/1708/436 1121/1707/436
f 1112/1699/437 1113/1701/437 1129/1706/437 1128/1705/437
f 1106/1702/65 1103/1674/65 1119/1714/65 1122/1703/65
f 1113/1701/438 1114/1691/438 1130/1694/438 1129/1706/438
f 1107/1695/65 1106/1702/65 1122/1703/65 1123/1709/65
f 1135/1561/1 1134/1560/1 1138/1564/1 1140/1715/1
f 1132/1716/1 1133/1717/1 1139/1558/1 1136/1718/1
f 1135/1561/1 1140/1715/1 1143/1567/1 1137/1566/1
f 1133/1717/1 1132/1716/1 1144/1563/1 1146/1562/1
f 1140/1715/1 1138/1564/1 1142/1559/1 1141/1719/1
f 1141/1719/1 1133/1717/1 1146/1562/1 1145/1565/1
f 1133/1717/1 1141/1719/1 1142/1559/1 1139/1558/1
f 1140/1715/1 1141/1719/1 1145/1565/1 1143/1567/1
f 994/1544/343 991/1568/343 1136/1718/343 1139/1558/343
f 974/1569/439 997/1547/439 1144/1563/439 1132/1716/439
f 996/1553/59 992/1552/59 1137/1566/59 1143/1567/59
f 991/1568/439 974/1569/439 1132/1716/439 1136/1718/439
f 1160/1720/59 1161/1721/59 1147/1722/59 1150/1723/59
f 1151/1724/10 1147/1722/10 1161/1721/10 1162/1725/10
f 1154/1726/6 1150/1723/6 1147/1722/6 1151/1724/6
f 1148/1727/6 1152/1728/6 1153/1729/6 1149/1730/6
f 1149/1730/10 1153/1729/10 1157/1731/10 1158/1732/10
f 1162/1725/65 1159/1733/65 1154/1726/65 1151/1724/65
f 1156/1734/59 1157/1731/59 1153/1729/59 1152/1728/59
f 1158/1732/65 1155/1735/65 1148/1727/65 1149/1730/65
f 1155/1735/2 1156/1734/2 1152/1728/2 1148/1727/2
f 1156/1734/1 1155/1735/1 1158/1732/1 1157/1731/1
f 1159/1733/2 1160/1720/2 1150/1723/2 1154/1726/2
f 1160/1720/1 1159/1733/1 1162/1725/1 1161/1721/1
f 1180/1736/2 1178/1737/2 1164/1738/2 1166/1739/2
f 1168/1740/440 1169/1741/440 1175/1742/440 1177/1743/440
f 1166/1739/441 1164/1738/441 1163/1744/441 1165/1745/441
f 1172/1746/10 1175/1742/10 1169/1741/10 1170/1747/10
f 1167/1748/2 1168/1740/2 1177/1743/2 1181/1749/2
f 1168/1740/442 1167/1748/442 1170/1747/442 1169/1741/442
f 1165/1745/10 1163/1744/10 1174/1750/10 1171/1751/10
f 1171/1751/443 1180/1736/443 1166/1739/443 1165/1745/443
f 1178/1737/444 1174/1750/444 1163/1744/444 1164/1738/444
f 1178/1737/2 1180/1736/2 1182/1752/2 1179/1753/2
f 1179/1753/2 1182/1752/2 1181/1749/2 1177/1743/2
f 1180/1736/445 1171/1751/445 1173/1754/445 1182/1752/445
f 1182/1752/446 1173/1754/446 1172/1746/446 1181/1749/446
f 1175/1742/10 1172/1746/10 1173/1754/10 1176/1755/10
f 1176/1755/10 1173/1754/10 1171/1751/10 1174/1750/10
f 1174/1750/447 1178/1737/447 1179/1753/447 1176/1755/447
f 1176/1755/448 1179/1753/448 1177/1743/448 1175/1742/448
f 1170/1747/449 1167/1748/449 1181/1749/449 1172/1746/449
f 1186/1756/59 1184/1757/59 1183/1758/59 1187/1759/59
f 1192/1760/6 1189/1761/6 1183/1758/6 1184/1757/6
f 1185/1762/10 1191/1763/10 1192/1760/10 1184/1757/10 1186/1756/10
f 1189/1761/2 1190/1764/2 1188/1765/2 1187/1759/2 1183/1758/2
f 1186/1756/1 1187/1759/1 1188/1765/1 1185/1762/1
f 1191/1763/450 1190/1764/450 1189/1761/450 1192/1760/450
f 1188/1765/65 1190/1764/65 1191/1763/65 1185/1762/65
f 1197/1766/65 1200/1767/65 1194/1768/65 1195/1769/65
f 1194/1768/450 1193/1770/450 1196/1771/450 1195/1769/450
f 1199/1772/1 1200/1767/1 1197/1766/1 1198/1773/1
f 1196/1771/10 1202/1774/10 1198/1773/10 1197/1766/10 1195/1769/10
f 1200/1767/2 1199/1772/2 1201/1775/2 1193/1770/2 1194/1768/2
f 1193/1770/6 1201/1775/6 1202/1774/6 1196/1771/6
f 1199/1772/59 1198/1773/59 1202/1774/59 1201/1775/59
f 1203/1776/6 1205/1777/6 1206/1778/6 1204/1779/6
f 1204/1779/10 1206/1778/10 1209/1780/10 1210/1781/10
f 1208/1782/59 1209/1780/59 1206/1778/59 1205/1777/59
f 1210/1781/65 1207/1783/65 1203/1776/65 1204/1779/65
f 1207/1783/2 1208/1782/2 1205/1777/2 1203/1776/2
f 1208/1782/1 1207/1783/1 1210/1781/1 1209/1780/1
f 1211/1784/451 1213/1785/451 1214/1786/451 1212/1787/451
f 1212/1787/10 1214/1786/10 1217/1788/10 1218/1789/10
f 1216/1790/452 1217/1788/452 1214/1786/452 1213/1785/452
f 1218/1789/453 1215/1791/453 1211/1784/453 1212/1787/453
f 1215/1791/2 1216/1790/2 1213/1785/2 1211/1784/2
f 1216/1790/454 1215/1791/454 1218/1789/454 1217/1788/454
f 1252/1792/6 1239/1793/6 1233/1794/6 1250/1795/6
f 1249/1796/10 1251/1797/10 1250/1795/10 1233/1794/10 1235/1798/10 1236/1799/10 1237/1800/10 1234/1801/10 1223/1802/10 1225/1803/10 1226/1804/10 1227/1805/10 1224/1806/10 1243/1807/10 1245/1808/10 1244/1809/10
f 1244/1809/65 1246/1810/65 1253/1811/65 1249/1796/65
f 1246/1810/2 1248/1812/2 1247/1813/2 1228/1814/2 1230/1815/2 1231/1816/2 1232/1817/2 1229/1818/2 1238/1819/2 1240/1820/2 1241/1821/2 1242/1822/2 1239/1793/2 1252/1792/2 1254/1823/2 1253/1811/2
f 1223/1802/455 1229/1818/455 1232/1817/455 1225/1803/455
f 1225/1803/456 1232/1817/456 1231/1816/456 1226/1804/456
f 1226/1804/457 1231/1816/457 1230/1815/457 1227/1805/457
f 1227/1805/458 1230/1815/458 1228/1814/458 1224/1806/458
f 1229/1818/459 1223/1802/459 1234/1801/459 1238/1819/459
f 1238/1819/460 1234/1801/460 1237/1800/460 1240/1820/460
f 1240/1820/461 1237/1800/461 1236/1799/461 1241/1821/461
f 1241/1821/462 1236/1799/462 1235/1798/462 1242/1822/462
f 1242/1822/463 1235/1798/463 1233/1794/463 1239/1793/463
f 1280/1824/6 1278/1825/6 1261/1826/6 1267/1827/6
f 1243/1807/56 1247/1813/56 1248/1812/56 1245/1808/56
f 1245/1808/58 1248/1812/58 1246/1810/58 1244/1809/58
f 1252/1792/62 1250/1795/62 1251/1797/62 1254/1823/62
f 1254/1823/60 1251/1797/60 1249/1796/60 1253/1811/60
f 1228/1814/1 1247/1813/1 1243/1807/1 1224/1806/1
f 1277/1828/2 1272/1829/2 1273/1830/2 1271/1831/2 1221/1832/2 1255/1833/2 1219/1834/2 1220/1835/2 1222/1836/2 1262/1837/2 1265/1838/2 1264/1839/2 1263/1840/2 1261/1826/2 1278/1825/2 1279/1841/2
f 1272/1829/65 1277/1828/65 1281/1842/65 1274/1843/65
f 1274/1843/10 1281/1842/10 1282/1844/10 1280/1824/10 1267/1827/10 1270/1845/10 1269/1846/10 1268/1847/10 1266/1848/10 1257/1849/10 1260/1850/10 1259/1851/10 1258/1852/10 1256/1853/10 1275/1854/10 1276/1855/10
f 1222/1836/455 1220/1835/455 1260/1850/455 1257/1849/455
f 1220/1835/456 1219/1834/456 1259/1851/456 1260/1850/456
f 1219/1834/457 1255/1833/457 1258/1852/457 1259/1851/457
f 1255/1833/458 1221/1832/458 1256/1853/458 1258/1852/458
f 1257/1849/459 1266/1848/459 1262/1837/459 1222/1836/459
f 1266/1848/460 1268/1847/460 1265/1838/460 1262/1837/460
f 1268/1847/461 1269/1846/461 1264/1839/461 1265/1838/461
f 1269/1846/462 1270/1845/462 1263/1840/462 1264/1839/462
f 1270/1845/463 1267/1827/463 1261/1826/463 1263/1840/463
f 1271/1831/56 1273/1830/56 1276/1855/56 1275/1854/56
f 1273/1830/58 1272/1829/58 1274/1843/58 1276/1855/58
f 1280/1824/62 1282/1844/62 1279/1841/62 1278/1825/62
f 1282/1844/60 1281/1842/60 1277/1828/60 1279/1841/60
f 1256/1853/1 1221/1832/1 1271/1831/1 1275/1854/1
f 1300/1856/59 1315/1311/59 1298/1314/59 1292/1857/59
f 1320/1858/59 1303/1319/59 1293/1322/59 1295/1859/59
f 1327/1860/2 1320/1858/2 1295/1859/2 1296/1861/2
f 1307/1862/2 1300/1856/2 1292/1857/2 1291/1863/2
f 1311/1864/232 1304/1865/232 1285/1350/232 1286/1406/232
f 1328/1866/232 1311/1864/232 1286/1406/232 1288/1488/232
f 1312/1320/65 1327/1860/65 1296/1861/65 1294/1321/65
f 1292/1857/233 1298/1314/233 1297/1313/233 1291/1863/233
f 1295/1859/232 1293/1322/232 1294/1321/232 1296/1861/232
f 1324/1312/65 1307/1862/65 1291/1863/65 1297/1313/65
f 1323/1867/233 1316/1868/233 1290/1353/233 1289/1387/233
f 1304/1865/232 1319/1869/232 1287/1351/232 1285/1350/232
f 1308/1870/233 1323/1867/233 1289/1387/233 1283/1386/233
f 1316/1868/233 1299/1871/233 1284/1354/233 1290/1353/233
f 1319/1869/232 1328/1866/232 1288/1488/232 1287/1351/232
f 1308/1870/464 1299/1871/464 1301/1872/464 1310/1873/464
f 1310/1873/465 1301/1872/465 1302/1874/465 1309/1875/465
f 1309/1875/466 1302/1874/466 1300/1876/466 1307/1877/466
f 1304/1865/467 1311/1864/467 1313/1878/467 1306/1879/467
f 1306/1879/468 1313/1878/468 1314/1880/468 1305/1881/468
f 1305/1881/469 1314/1880/469 1312/1882/469 1303/1883/469
f 1320/1884/470 1327/1885/470 1329/1886/470 1322/1887/470
f 1322/1887/471 1329/1886/471 1330/1888/471 1321/1889/471
f 1321/1889/472 1330/1888/472 1328/1866/472 1319/1869/472
f 1324/1890/473 1315/1891/473 1317/1892/473 1326/1893/473
f 1326/1893/474 1317/1892/474 1318/1894/474 1325/1895/474
f 1325/1895/475 1318/1894/475 1316/1868/475 1323/1867/475
f 1315/1891/476 1300/1876/476 1302/1874/476 1317/1892/476
f 1317/1892/477 1302/1874/477 1301/1872/477 1318/1894/477
f 1318/1894/478 1301/1872/478 1299/1871/478 1316/1868/478
f 1303/1883/479 1320/1884/479 1322/1887/479 1305/1881/479
f 1305/1881/480 1322/1887/480 1321/1889/480 1306/1879/480
f 1306/1879/481 1321/1889/481 1319/1869/481 1304/1865/481
f 1323/1867/482 1308/1870/482 1310/1873/482 1325/1895/482
f 1325/1895/483 1310/1873/483 1309/1875/483 1326/1893/483
f 1326/1893/484 1309/1875/484 1307/1877/484 1324/1890/484
f 1311/1864/485 1328/1866/485 1330/1888/485 1313/1878/485
f 1313/1878/486 1330/1888/486 1329/1886/486 1314/1880/486
f 1314/1880/487 1329/1886/487 1327/1885/487 1312/1882/487
f 1299/1871/233 1308/1870/233 1283/1386/233 1284/1354/233
f 1337/1896/488 1332/1897/488 1339/1898/488
f 1331/1899/488 1337/1896/488 1339/1898/488
f 1346/1900/489 1348/1901/489 1341/1902/489
f 1335/1903/488 1331/1899/488 1339/1898/488
f 1332/1897/488 1336/1904/488 1339/1898/488
f 1336/1904/488 1333/1905/488 1339/1898/488
f 1333/1905/488 1338/1906/488 1339/1898/488
f 1338/1906/488 1334/1907/488 1339/1898/488
f 1334/1907/488 1335/1903/488 1339/1898/488
f 1340/1908/489 1348/1901/489 1346/1900/489
f 1344/1909/489 1348/1901/489 1340/1908/489
f 1341/1902/489 1348/1901/489 1345/1910/489
f 1345/1910/489 1348/1901/489 1342/1911/489
f 1342/1911/489 1348/1901/489 1347/1912/489
f 1347/1912/489 1348/1901/489 1343/1913/489
f 1343/1913/489 1348/1901/489 1344/1909/489
f 1331/1899/490 1340/1908/490 1346/1900/490 1337/1896/490
f 1335/1903/491 1344/1909/491 1340/1908/491 1331/1899/491
f 1337/1896/492 1346/1900/492 1341/1902/492 1332/1897/492
f 1334/1907/493 1343/1913/493 1344/1909/493 1335/1903/493
f 1333/1905/494 1342/1911/494 1347/1912/494 1338/1906/494
f 1332/1897/495 1341/1902/495 1345/1910/495 1336/1904/495
f 1338/1906/496 1347/1912/496 1343/1913/496 1334/1907/496
f 1336/1904/497 1345/1910/497 1342/1911/497 1333/1905/497
f 1354/1914/2 1350/1915/2 1361/1916/2 1363/1917/2
f 1350/1915/65 1351/1918/65 1362/1919/65 1361/1916/65
f 1364/1920/10 1362/1919/10 1351/1918/10 1355/1921/10
f 1350/1915/498 1354/1914/498 1359/1922/498 1357/1923/498
f 1356/1924/65 1353/1925/65 1367/1926/65 1368/1927/65
f 1364/1920/59 1355/1921/59 1354/1914/59 1363/1917/59
f 1357/1923/6 1359/1922/6 1360/1928/6 1358/1929/6
f 1355/1921/499 1351/1918/499 1358/1929/499 1360/1928/499
f 1351/1918/65 1350/1915/65 1357/1923/65 1358/1929/65
f 1354/1914/59 1355/1921/59 1360/1928/59 1359/1922/59
f 1352/1930/1 1349/1931/1 1361/1916/1 1362/1919/1
f 1349/1931/1 1353/1925/1 1363/1917/1 1361/1916/1
f 1356/1924/1 1352/1930/1 1362/1919/1 1364/1920/1
f 1353/1925/1 1356/1924/1 1364/1920/1 1363/1917/1
f 1367/1932/1 1365/1933/1 1366/1934/1 1368/1935/1
f 1353/1925/10 1349/1931/10 1365/1936/10 1367/1926/10
f 1352/1930/2 1356/1924/2 1368/1927/2 1366/1937/2
f 1349/1931/59 1352/1930/59 1366/1937/59 1365/1936/59
f 1375/1938/500 1377/1939/500 1370/1940/500
f 1369/1941/500 1377/1939/500 1375/1938/500
f 1384/1942/501 1379/1943/501 1386/1944/501
f 1373/1945/500 1377/1939/500 1369/1941/500
f 1370/1940/500 1377/1939/500 1374/1946/500
f 1374/1946/500 1377/1939/500 1371/1947/500
f 1371/1947/500 1377/1939/500 1376/1948/500
f 1376/1948/500 1377/1939/500 1372/1949/500
f 1372/1949/500 1377/1939/500 1373/1945/500
f 1378/1950/501 1384/1942/501 1386/1944/501
f 1382/1951/501 1378/1950/501 1386/1944/501
f 1379/1943/501 1383/1952/501 1386/1944/501
f 1383/1952/501 1380/1953/501 1386/1944/501
f 1380/1953/501 1385/1954/501 1386/1944/501
f 1385/1954/501 1381/1955/501 1386/1944/501
f 1381/1955/501 1382/1951/501 1386/1944/501
f 1369/1941/502 1375/1938/502 1384/1942/502 1378/1950/502
f 1373/1945/503 1369/1941/503 1378/1950/503 1382/1951/503
f 1375/1938/504 1370/1940/504 1379/1943/504 1384/1942/504
f 1372/1949/505 1373/1945/505 1382/1951/505 1381/1955/505
f 1371/1947/506 1376/1948/506 1385/1954/506 1380/1953/506
f 1370/1940/507 1374/1946/507 1383/1952/507 1379/1943/507
f 1376/1948/508 1372/1949/508 1381/1955/508 1385/1954/508
f 1374/1946/509 1371/1947/509 1380/1953/509 1383/1952/509
f 1392/1956/10 1401/1957/10 1399/1958/10 1388/1959/10
f 1388/1959/65 1399/1958/65 1400/1960/65 1389/1961/65
f 1402/1962/2 1393/1963/2 1389/1961/2 1400/1960/2
f 1388/1959/510 1395/1964/510 1397/1965/510 1392/1956/510
f 1394/1966/65 1406/1967/65 1405/1968/65 1391/1969/65
f 1402/1962/59 1401/1957/59 1392/1956/59 1393/1963/59
f 1395/1964/6 1396/1970/6 1398/1971/6 1397/1965/6
f 1393/1963/511 1398/1971/511 1396/1970/511 1389/1961/511
f 1389/1961/65 1396/1970/65 1395/1964/65 1388/1959/65
f 1392/1956/59 1397/1965/59 1398/1971/59 1393/1963/59
f 1390/1972/1 1400/1960/1 1399/1958/1 1387/1973/1
f 1387/1973/1 1399/1958/1 1401/1957/1 1391/1969/1
f 1394/1966/1 1402/1962/1 1400/1960/1 1390/1972/1
f 1391/1969/1 1401/1957/1 1402/1962/1 1394/1966/1
f 1405/1974/1 1406/1975/1 1404/1976/1 1403/1977/1
f 1391/1969/2 1405/1968/2 1403/1978/2 1387/1973/2
f 1390/1972/10 1404/1979/10 1406/1967/10 1394/1966/10
f 1387/1973/59 1403/1978/59 1404/1979/59 1390/1972/59
f 869/1442/59 804/1409/59 1411/1980/59 1423/1981/59 1407/1571/59
f 843/1480/352 844/1479/352 1409/1582/352 1412/1588/352
f 870/1477/351 871/1478/351 1408/1570/351 1413/1591/351
f 842/1408/350 843/1480/350 1412/1588/350 1410/1586/350
f 804/1409/59 842/1408/59 1410/1586/59 1424/1585/59 1411/1980/59
f 871/1478/347 869/1442/347 1407/1571/347 1408/1570/347
f 1421/1572/512 1423/1981/512 1434/1583/512 1427/1584/512
f 1004/1574/347 1005/1573/347 1417/1600/347 1419/1602/347
f 1009/1590/350 1008/1589/350 1418/1601/350 1420/1592/350
f 1002/1576/351 1004/1574/351 1419/1602/351 1415/1577/351
f 1008/1589/352 1007/1579/352 1414/1581/352 1418/1601/352
f 1005/1573/2 1421/1572/2 1427/1584/2 1426/1513/2
f 1407/1571/59 1423/1981/59 1421/1572/59
f 1009/1590/10 1420/1592/10 1430/1575/10 1425/1503/10
f 1422/1587/10 1009/1590/10 1425/1503/10 1428/1502/10
f 1424/1585/513 1422/1587/513 1428/1502/513 1432/1501/513
f 1411/1980/1 1424/1585/1 1432/1501/1 1431/1500/1
f 1423/1981/1 1411/1980/1 1431/1500/1 1434/1583/1
f 1416/1593/6 1417/1600/6 1429/1515/6 1433/1514/6
f 1417/1600/2 1005/1573/2 1426/1513/2 1429/1515/2
f 1450/1982/514 1455/1983/514 1462/1984/514 1458/1985/514
f 1451/1986/1 1443/1987/1 1437/1988/1 1467/1989/1 1469/1990/1 1468/1991/1
f 1468/1991/515 1464/1992/515 1454/1993/515 1451/1986/515
f 1467/1989/10 1437/1988/10 1436/1994/10 1465/1995/10
f 1435/1996/65 1447/1997/65 1442/1998/65 1000/1999/65
f 1435/1996/6 1461/2000/6 1463/2001/6 1462/1984/6 1455/1983/6 1447/1997/6
f 1446/2002/65 1436/1994/65 1437/1988/65 1443/1987/65
f 1446/2002/6 1454/1993/6 1464/1992/6 1466/2003/6 1465/1995/6 1436/1994/6
f 1461/2000/2 1435/1996/2 1000/1999/2 1459/2004/2
f 1455/1983/516 1450/1982/516 1452/2005/516 1457/2006/516
f 1457/2006/59 1452/2005/59 1453/2007/59 1456/2008/59
f 1456/2008/517 1453/2007/517 1451/1986/517 1454/1993/517
f 1443/1987/1 1451/1986/1 1453/2007/1 1445/2009/1
f 1445/2009/1 1453/2007/1 1452/2005/1 1444/2010/1
f 1444/2010/1 1452/2005/1 1450/1982/1 1442/1998/1
f 1454/1993/6 1446/2002/6 1448/2011/6 1456/2008/6
f 1456/2008/6 1448/2011/6 1449/2012/6 1457/2006/6
f 1457/2006/6 1449/2012/6 1447/1997/6 1455/1983/6
f 1446/2002/65 1443/1987/65 1445/2009/65 1448/2011/65
f 1448/2011/65 1445/2009/65 1444/2010/65 1449/2012/65
f 1449/2012/65 1444/2010/65 1442/1998/65 1447/1997/65
f 1471/2013/518 1496/2014/518 1504/2015/518 1473/2016/518
f 1458/1985/519 1462/1984/519 1463/2001/519 1460/2017/519
f 1460/2017/520 1463/2001/520 1461/2000/520 1459/2004/520
f 1464/1992/521 1468/1991/521 1469/1990/521 1466/2003/521
f 1466/2003/522 1469/1990/522 1467/1989/522 1465/1995/522
f 1458/1985/1 1460/2017/1 1459/2004/1 1000/1999/1 1442/1998/1 1450/1982/1
f 1485/2018/523 1524/2019/523 1529/2020/523 1487/2021/523
f 1473/2016/524 1504/2015/524 1500/2022/524 1472/2023/524
f 1528/2024/525 1490/2025/525 1438/2026/525 1521/2027/525
f 1440/2028/526 1475/2029/526 1470/2030/526 1489/2031/526 1491/2032/526 1441/2033/526
f 1440/2028/527 1482/2034/527 1484/2035/527 1483/2036/527 1479/2037/527 1475/2029/527
f 1474/2038/526 1439/2039/526 1438/2026/526 1490/2025/526 1488/2040/526 1471/2013/526
f 1474/2038/527 1478/2041/527 1485/2018/527 1487/2021/527 1486/2042/527 1439/2039/527
f 1487/2021/528 1529/2020/528 1520/2043/528 1486/2042/528
f 1492/2044/529 1479/2037/529 1483/2036/529 1509/2045/529
f 1508/2046/530 1517/2047/530 1491/2032/530 1489/2031/530
f 1496/2014/531 1471/2013/531 1488/2040/531 1525/2048/531
f 1480/2049/532 1505/2050/532 1497/2051/532 1478/2041/532
f 1481/2052/533 1501/2053/533 1505/2050/533 1480/2049/533
f 1493/2054/534 1508/2046/534 1489/2031/534 1470/2030/534
f 1478/2041/527 1474/2038/527 1476/2055/527 1480/2049/527
f 1480/2049/527 1476/2055/527 1477/2056/527 1481/2052/527
f 1481/2052/527 1477/2056/527 1475/2029/527 1479/2037/527
f 1474/2038/526 1471/2013/526 1473/2016/526 1476/2055/526
f 1476/2055/526 1473/2016/526 1472/2023/526 1477/2056/526
f 1477/2056/526 1472/2023/526 1470/2030/526 1475/2029/526
f 1517/2047/535 1512/2057/535 1441/2033/535 1491/2032/535
f 1482/2034/2 1440/2028/2 1441/2033/2 1512/2057/2 1514/2058/2 1515/2059/2 1513/2060/2
f 1525/2048/536 1488/2040/536 1490/2025/536 1528/2024/536
f 1520/2043/10 1522/2061/10 1523/2062/10 1521/2027/10 1438/2026/10 1439/2039/10 1486/2042/10
f 1516/2063/537 1484/2035/537 1482/2034/537 1513/2060/537
f 1509/2045/538 1483/2036/538 1484/2035/538 1516/2063/538
f 1479/2037/539 1492/2044/539 1501/2053/539 1481/2052/539
f 1524/2019/540 1485/2018/540 1478/2041/540 1497/2051/540
f 1493/2054/541 1500/2022/541 1502/2064/541 1495/2065/541
f 1495/2065/542 1502/2064/542 1503/2066/542 1494/2067/542
f 1494/2067/543 1503/2066/543 1501/2053/543 1492/2044/543
f 1500/2022/544 1504/2015/544 1506/2068/544 1502/2064/544
f 1502/2064/545 1506/2068/545 1507/2069/545 1503/2066/545
f 1503/2066/546 1507/2069/546 1505/2050/546 1501/2053/546
f 1504/2015/547 1496/2014/547 1498/2070/547 1506/2068/547
f 1506/2068/548 1498/2070/548 1499/2071/548 1507/2069/548
f 1507/2069/549 1499/2071/549 1497/2051/549 1505/2050/549
f 1517/2047/550 1508/2046/550 1510/2072/550 1519/2073/550
f 1519/2073/551 1510/2072/551 1511/2074/551 1518/2075/551
f 1518/2075/552 1511/2074/552 1509/2045/552 1516/2063/552
f 1512/2057/553 1517/2047/553 1519/2073/553 1514/2058/553
f 1514/2058/554 1519/2073/554 1518/2075/554 1515/2059/554
f 1515/2059/555 1518/2075/555 1516/2063/555 1513/2060/555
f 1525/2048/556 1528/2024/556 1530/2076/556 1527/2077/556
f 1527/2077/557 1530/2076/557 1531/2078/557 1526/2079/557
f 1526/2079/558 1531/2078/558 1529/2020/558 1524/2019/558
f 1528/2024/559 1521/2027/559 1523/2062/559 1530/2076/559
f 1530/2076/560 1523/2062/560 1522/2061/560 1531/2078/560
f 1531/2078/561 1522/2061/561 1520/2043/561 1529/2020/561
f 1492/2044/562 1509/2045/562 1511/2074/562 1494/2067/562
f 1494/2067/563 1511/2074/563 1510/2072/563 1495/2065/563
f 1495/2065/564 1510/2072/564 1508/2046/564 1493/2054/564
f 1496/2014/565 1525/2048/565 1527/2077/565 1498/2070/565
f 1498/2070/566 1527/2077/566 1526/2079/566 1499/2071/566
f 1499/2071/567 1526/2079/567 1524/2019/567 1497/2051/567
f 1472/2023/568 1500/2022/568 1493/2054/568 1470/2030/568
f 1580/2080/569 1561/2081/569 1533/2082/569
f 1952/2083/570 1927/2084/570 1925/2085/570 1954/2086/570
f 1544/2087/571 1547/2088/571 1570/2089/571 1567/2090/571
f 1547/2088/572 1550/2091/572 1573/2092/572 1570/2089/572
f 1550/2091/573 1759/2093/573 1764/2094/573 1573/2092/573
f 1763/2095/574 1770/2096/574 1755/2097/574
f 1561/2081/569 1559/2098/569 1533/2082/569
f 1535/2099/575 1532/2100/575 1537/2101/575
f 1556/2102/576 1534/2103/576 1562/2104/576 1579/2105/576
f 1568/2106/569 1571/2107/569 1533/2082/569
f 1571/2107/569 1574/2108/569 1533/2082/569
f 1574/2108/569 1577/2109/569 1533/2082/569
f 1577/2109/569 1580/2080/569 1533/2082/569
f 1565/2110/569 1568/2106/569 1533/2082/569
f 1559/2098/569 1565/2110/569 1533/2082/569
f 1552/2111/575 1532/2100/575 1555/2112/575
f 1546/2113/575 1532/2100/575 1549/2114/575
f 1540/2115/575 1532/2100/575 1543/2116/575
f 1555/2112/575 1532/2100/575 1535/2099/575
f 1538/2117/577 1745/2118/577 1749/2119/577 1558/2120/577
f 1549/2114/575 1532/2100/575 1552/2111/575
f 1543/2116/575 1532/2100/575 1546/2113/575
f 1537/2101/575 1532/2100/575 1540/2115/575
f 1591/2121/578 1593/2122/578 1592/2123/578 1603/2124/578 1605/2125/578 1604/2126/578 1597/2127/578 1599/2128/578 1598/2129/578 1585/2130/578 1587/2131/578 1586/2132/578
f 1588/2133/579 1590/2134/579 1589/2135/579 1582/2136/579 1584/2137/579 1583/2138/579 1594/2139/579 1596/2140/579 1595/2141/579 1600/2142/579 1602/2143/579 1601/2144/579
f 1595/2141/580 1628/2145/580 1633/2146/580 1600/2142/580
f 1591/2121/581 1618/2147/581 1622/2148/581 1593/2122/581
f 1585/2130/582 1609/2149/582 1613/2150/582 1587/2131/582
f 1621/2151/583 1590/2134/583 1588/2133/583 1615/2152/583
f 1612/2153/584 1584/2137/584 1582/2136/584 1606/2154/584
f 1599/2128/585 1631/2155/585 1625/2156/585 1598/2129/585
f 1583/2138/575 1610/2157/575 1624/2158/575 1594/2139/575
f 1538/2117/586 1534/2103/586 1536/2159/586 1539/2160/586
f 1539/2160/587 1536/2159/587 1535/2099/587 1537/2101/587
f 1753/2161/574 1770/2096/574 1738/2162/574
f 1542/2163/588 1539/2160/588 1537/2101/588 1540/2115/588
f 1544/2087/589 1769/2164/589 1772/2165/589 1746/2166/589 1542/2163/589 1545/2167/589
f 1545/2167/590 1542/2163/590 1540/2115/590 1543/2116/590
f 1547/2088/591 1544/2087/591 1545/2167/591 1548/2168/591
f 1548/2168/592 1545/2167/592 1543/2116/592 1546/2113/592
f 1550/2091/593 1547/2088/593 1548/2168/593 1551/2169/593
f 1551/2169/594 1548/2168/594 1546/2113/594 1549/2114/594
f 1739/2170/574 1770/2096/574 1765/2171/574
f 1554/2172/595 1551/2169/595 1549/2114/595 1552/2111/595
f 1556/2102/596 1737/2173/596 1736/2174/596 1734/2175/596 1554/2172/596 1557/2176/596
f 1557/2176/597 1554/2172/597 1552/2111/597 1555/2112/597
f 1534/2103/598 1556/2102/598 1557/2176/598 1536/2159/598
f 1536/2159/599 1557/2176/599 1555/2112/599 1535/2099/599
f 1559/2098/600 1561/2081/600 1563/2177/600 1560/2178/600
f 1560/2178/601 1563/2177/601 1562/2104/601 1558/2120/601
f 1565/2110/602 1559/2098/602 1560/2178/602 1566/2179/602
f 1566/2179/603 1560/2178/603 1558/2120/603 1749/2119/603 1750/2180/603 1748/2181/603
f 1568/2106/604 1565/2110/604 1566/2179/604 1569/2182/604
f 1569/2182/605 1566/2179/605 1748/2181/605 1762/2183/605 1761/2184/605 1567/2090/605
f 1571/2107/606 1568/2106/606 1569/2182/606 1572/2185/606
f 1572/2185/607 1569/2182/607 1567/2090/607 1570/2089/607
f 1574/2108/608 1571/2107/608 1572/2185/608 1575/2186/608
f 1575/2186/609 1572/2185/609 1570/2089/609 1573/2092/609
f 1577/2109/610 1574/2108/610 1575/2186/610 1578/2187/610
f 1578/2187/611 1575/2186/611 1573/2092/611 1764/2094/611 1768/2188/611 1742/2189/611
f 1580/2080/612 1577/2109/612 1578/2187/612 1581/2190/612
f 1581/2190/613 1578/2187/613 1742/2189/613 1740/2191/613 1741/2192/613 1579/2105/613
f 1561/2081/614 1580/2080/614 1581/2190/614 1563/2177/614
f 1563/2177/615 1581/2190/615 1579/2105/615 1562/2104/615
f 1534/2103/616 1538/2117/616 1558/2120/616 1562/2104/616
f 1609/2149/575 1585/2130/575 1598/2129/575 1625/2156/575
f 1582/2136/617 1589/2135/617 1619/2193/617 1606/2154/617
f 1610/2157/618 1583/2138/618 1584/2137/618 1612/2153/618
f 1607/2194/619 1618/2147/619 1591/2121/619 1586/2132/619
f 1593/2122/620 1622/2148/620 1616/2195/620 1592/2123/620
f 1615/2152/569 1588/2133/569 1601/2144/569 1637/2196/569
f 1619/2193/621 1589/2135/621 1590/2134/621 1621/2151/621
f 1592/2123/569 1616/2195/569 1636/2197/569 1603/2124/569
f 1627/2198/622 1597/2127/622 1604/2126/622 1634/2199/622
f 1597/2127/623 1627/2198/623 1631/2155/623 1599/2128/623
f 1628/2145/624 1595/2141/624 1596/2140/624 1630/2200/624
f 1630/2200/625 1596/2140/625 1594/2139/625 1624/2158/625
f 1605/2125/626 1640/2201/626 1634/2199/626 1604/2126/626
f 1603/2124/627 1636/2197/627 1640/2201/627 1605/2125/627
f 1637/2196/628 1601/2144/628 1602/2143/628 1639/2202/628
f 1639/2202/629 1602/2143/629 1600/2142/629 1633/2146/629
f 1587/2131/630 1613/2150/630 1607/2194/630 1586/2132/630
f 1613/2150/631 1609/2149/631 1611/2203/631 1614/2204/631
f 1614/2204/632 1611/2203/632 1610/2157/632 1612/2153/632
f 1607/2194/633 1613/2150/633 1614/2204/633 1608/2205/633 1642/2206/633
f 1608/2205/634 1614/2204/634 1612/2153/634 1606/2154/634 1643/2207/634
f 1622/2148/635 1618/2147/635 1644/2208/635 1620/2209/635 1623/2210/635
f 1623/2210/636 1620/2209/636 1645/2211/636 1619/2193/636 1621/2151/636
f 1616/2195/637 1622/2148/637 1623/2210/637 1617/2212/637
f 1617/2212/638 1623/2210/638 1621/2151/638 1615/2152/638
f 1631/2155/639 1627/2198/639 1629/2213/639 1632/2214/639
f 1632/2214/640 1629/2213/640 1628/2145/640 1630/2200/640
f 1625/2156/641 1631/2155/641 1632/2214/641 1626/2215/641
f 1626/2215/642 1632/2214/642 1630/2200/642 1624/2158/642
f 1640/2201/643 1636/2197/643 1638/2216/643 1641/2217/643
f 1641/2217/644 1638/2216/644 1637/2196/644 1639/2202/644
f 1634/2199/645 1640/2201/645 1641/2217/645 1635/2218/645
f 1635/2218/646 1641/2217/646 1639/2202/646 1633/2146/646
f 1609/2149/575 1625/2156/575 1626/2215/575 1611/2203/575
f 1611/2203/575 1626/2215/575 1624/2158/575 1610/2157/575
f 1644/2208/6 1642/2206/6 1650/2219/6 1648/2220/6
f 1645/2211/647 1643/2207/647 1606/2154/647 1619/2193/647
f 1636/2197/569 1616/2195/569 1617/2212/569 1638/2216/569
f 1638/2216/569 1617/2212/569 1615/2152/569 1637/2196/569
f 1627/2198/648 1634/2199/648 1635/2218/648 1629/2213/648
f 1629/2213/649 1635/2218/649 1633/2146/649 1628/2145/649
f 1620/2209/6 1644/2208/6 1648/2220/6 1649/2221/6
f 1618/2147/650 1607/2194/650 1642/2206/650 1644/2208/650
f 1649/2221/569 1648/2220/569 1740/2191/569 1742/2189/569
f 1650/2219/575 1647/2222/575 1734/2175/575 1736/2174/575
f 1608/2205/6 1643/2207/6 1646/2223/6 1647/2222/6
f 1645/2211/6 1620/2209/6 1649/2221/6 1651/2224/6
f 1643/2207/6 1645/2211/6 1651/2224/6 1646/2223/6
f 1642/2206/6 1608/2205/6 1647/2222/6 1650/2219/6
f 1950/2225/651 1935/2226/651 1927/2084/651 1952/2083/651
f 1760/2227/652 1770/2096/652 1744/2228/652
f 1648/2220/653 1650/2219/653 1736/2174/653 1737/2173/653 1741/2192/653 1740/2191/653
f 1651/2224/569 1649/2221/569 1742/2189/569 1768/2188/569
f 1647/2222/575 1646/2223/575 1756/2229/575 1734/2175/575
f 1646/2223/654 1651/2224/654 1768/2188/654 1764/2094/654 1759/2093/654 1756/2229/654
f 1667/2230/655 1662/2231/655 1663/2232/655 1661/2233/655 1674/2234/655 1675/2235/655 1673/2236/655 1680/2237/655 1681/2238/655 1679/2239/655 1668/2240/655 1669/2241/655
f 1664/2242/656 1677/2243/656 1678/2244/656 1676/2245/656 1671/2246/656 1672/2247/656 1670/2248/656 1659/2249/656 1660/2250/656 1658/2251/656 1665/2252/656 1666/2253/656
f 1671/2246/619 1676/2245/619 1709/2254/619 1704/2255/619
f 1667/2230/657 1669/2241/657 1698/2256/657 1694/2257/657
f 1661/2233/625 1663/2232/625 1689/2258/625 1685/2259/625
f 1697/2260/627 1691/2261/627 1664/2242/627 1666/2253/627
f 1688/2262/658 1682/2263/658 1658/2251/658 1660/2250/658
f 1675/2235/618 1674/2234/618 1701/2264/618 1707/2265/618
f 1659/2249/575 1670/2248/575 1700/2266/575 1686/2267/575
f 1685/2259/575 1701/2264/575 1674/2234/575 1661/2233/575
f 1658/2251/622 1682/2263/622 1695/2268/622 1665/2252/622
f 1686/2267/585 1688/2262/585 1660/2250/585 1659/2249/585
f 1683/2269/580 1662/2231/580 1667/2230/580 1694/2257/580
f 1669/2241/628 1668/2240/628 1692/2270/628 1698/2256/628
f 1691/2261/569 1713/2271/569 1677/2243/569 1664/2242/569
f 1695/2268/626 1697/2260/626 1666/2253/626 1665/2252/626
f 1668/2240/569 1679/2239/569 1712/2272/569 1692/2270/569
f 1703/2273/617 1710/2274/617 1680/2237/617 1673/2236/617
f 1673/2236/659 1675/2235/659 1707/2265/659 1703/2273/659
f 1704/2255/630 1706/2275/630 1672/2247/630 1671/2246/630
f 1706/2275/582 1700/2266/582 1670/2248/582 1672/2247/582
f 1681/2238/621 1680/2237/621 1710/2274/621 1716/2276/621
f 1679/2239/583 1681/2238/583 1716/2276/583 1712/2272/583
f 1713/2271/620 1715/2277/620 1678/2244/620 1677/2243/620
f 1715/2277/581 1709/2254/581 1676/2245/581 1678/2244/581
f 1663/2232/624 1662/2231/624 1683/2269/624 1689/2258/624
f 1689/2258/642 1690/2278/642 1687/2279/642 1685/2259/642
f 1690/2278/641 1688/2262/641 1686/2267/641 1687/2279/641
f 1683/2269/640 1718/2280/640 1684/2281/640 1690/2278/640 1689/2258/640
f 1684/2281/639 1719/2282/639 1682/2263/639 1688/2262/639 1690/2278/639
f 1698/2256/646 1699/2283/646 1696/2284/646 1720/2285/646 1694/2257/646
f 1699/2283/645 1697/2260/645 1695/2268/645 1721/2286/645 1696/2284/645
f 1692/2270/644 1693/2287/644 1699/2283/644 1698/2256/644
f 1693/2287/643 1691/2261/643 1697/2260/643 1699/2283/643
f 1707/2265/634 1708/2288/634 1705/2289/634 1703/2273/634
f 1708/2288/633 1706/2275/633 1704/2255/633 1705/2289/633
f 1701/2264/632 1702/2290/632 1708/2288/632 1707/2265/632
f 1702/2290/631 1700/2266/631 1706/2275/631 1708/2288/631
f 1716/2276/638 1717/2291/638 1714/2292/638 1712/2272/638
f 1717/2291/637 1715/2277/637 1713/2271/637 1714/2292/637
f 1710/2274/636 1711/2293/636 1717/2291/636 1716/2276/636
f 1711/2293/635 1709/2254/635 1715/2277/635 1717/2291/635
f 1685/2259/575 1687/2279/575 1702/2290/575 1701/2264/575
f 1687/2279/575 1686/2267/575 1700/2266/575 1702/2290/575
f 1720/2285/6 1724/2294/6 1726/2295/6 1718/2280/6
f 1721/2286/648 1695/2268/648 1682/2263/648 1719/2282/648
f 1712/2272/569 1714/2292/569 1693/2287/569 1692/2270/569
f 1714/2292/569 1713/2271/569 1691/2261/569 1693/2287/569
f 1703/2273/647 1705/2289/647 1711/2293/647 1710/2274/647
f 1705/2289/650 1704/2255/650 1709/2254/650 1711/2293/650
f 1696/2284/6 1725/2296/6 1724/2294/6 1720/2285/6
f 1694/2257/649 1720/2285/649 1718/2280/649 1683/2269/649
f 1725/2296/569 1748/2181/569 1750/2180/569 1724/2294/569
f 1726/2295/575 1754/2297/575 1746/2166/575 1723/2298/575
f 1684/2281/6 1723/2298/6 1722/2299/6 1719/2282/6
f 1721/2286/6 1727/2300/6 1725/2296/6 1696/2284/6
f 1719/2282/6 1722/2299/6 1727/2300/6 1721/2286/6
f 1718/2280/6 1726/2295/6 1723/2298/6 1684/2281/6
f 1758/2301/574 1770/2096/574 1743/2302/574
f 1767/2303/574 1770/2096/574 1752/2304/574
f 1724/2294/660 1750/2180/660 1749/2119/660 1745/2118/660 1754/2297/660 1726/2295/660
f 1727/2300/569 1762/2183/569 1748/2181/569 1725/2296/569
f 1723/2298/575 1746/2166/575 1772/2165/575 1722/2299/575
f 1722/2299/661 1772/2165/661 1769/2164/661 1761/2184/661 1762/2183/661 1727/2300/661
f 1953/2305/662 1940/2306/662 1928/2307/662 1943/2308/662
f 1757/2309/652 1770/2096/652 1766/2310/652
f 1946/2311/663 1926/2312/663 1924/2313/663 1944/2314/663
f 1948/2315/664 1937/2316/664 1936/2317/664 1949/2318/664
f 1747/2319/574 1770/2096/574 1739/2170/574
f 1652/2320/665 1553/2321/665 1735/2322/665
f 1732/2323/665 1652/2320/665 1735/2322/665
f 1657/2324/666 1732/2323/666 1735/2322/666
f 1656/2325/665 1657/2324/665 1735/2322/665
f 1741/2192/667 1737/2173/667 1556/2102/667 1579/2105/667
f 1730/2326/665 1656/2325/665 1735/2322/665
f 1746/2166/668 1754/2297/668 1745/2118/668 1538/2117/668 1539/2160/668 1542/2163/668
f 1654/2327/665 1730/2326/665 1735/2322/665
f 1733/2328/665 1654/2327/665 1735/2322/665
f 1564/2329/666 1733/2328/666 1735/2322/666
f 1761/2184/669 1769/2164/669 1544/2087/669 1567/2090/669
f 1728/2330/665 1564/2329/665 1735/2322/665
f 1541/2331/665 1728/2330/665 1735/2322/665
f 1655/2332/665 1541/2331/665 1735/2322/665
f 1653/2333/666 1655/2332/666 1735/2322/666
f 1576/2334/665 1653/2333/665 1735/2322/665
f 1729/2335/666 1576/2334/666 1735/2322/666
f 1734/2175/670 1756/2229/670 1759/2093/670 1550/2091/670 1551/2169/670 1554/2172/670
f 1731/2336/665 1729/2335/665 1735/2322/665
f 1553/2321/665 1731/2336/665 1735/2322/665
f 1957/2337/671 1934/2338/671 1935/2226/671 1950/2225/671
f 1956/2339/672 1938/2340/672 1940/2306/672 1953/2305/672
f 1949/2318/673 1936/2317/673 1933/2341/673 1945/2342/673
f 1738/2162/574 1770/2096/574 1758/2301/574
f 1766/2310/574 1770/2096/574 1747/2319/574
f 1751/2343/652 1770/2096/652 1753/2161/652
f 1743/2302/652 1770/2096/652 1767/2303/652
f 1955/2344/674 1929/2345/674 1931/2346/674 1947/2347/674
f 1752/2304/574 1770/2096/574 1763/2095/574
f 1954/2086/675 1925/2085/675 1926/2312/675 1946/2311/675
f 1744/2228/574 1770/2096/574 1751/2343/574
f 1947/2347/676 1931/2346/676 1934/2348/676 1957/2349/676
f 1951/2350/677 1932/2351/677 1930/2352/677 1942/2353/677
f 1765/2171/574 1770/2096/574 1760/2227/574
f 1945/2342/678 1933/2341/678 1932/2351/678 1951/2350/678
f 1943/2308/679 1928/2307/679 1937/2316/679 1948/2315/679
f 1755/2097/574 1770/2096/574 1757/2309/574
f 1942/2353/680 1930/2352/680 1929/2354/680 1955/2355/680
f 1944/2314/681 1924/2313/681 1938/2340/681 1956/2339/681
f 1798/2356/682 1800/2357/682 1775/2358/682 1783/2359/682
f 1790/2360/683 1803/2361/683 1777/2362/683 1778/2363/683
f 1796/2364/684 1797/2365/684 1784/2366/684 1785/2367/684
f 1802/2368/685 1794/2369/685 1774/2370/685 1773/2371/685
f 1794/2369/686 1792/2372/686 1771/2373/686 1774/2370/686
f 1803/2374/687 1795/2375/687 1779/2376/687 1777/2377/687
f 1800/2357/688 1802/2368/688 1773/2371/688 1775/2358/688
f 1792/2372/689 1804/2378/689 1786/2379/689 1771/2373/689
f 1799/2380/690 1790/2360/690 1778/2363/690 1780/2381/690
f 1801/2382/691 1791/2383/691 1776/2384/691 1788/2385/691
f 1805/2386/692 1798/2387/692 1783/2388/692 1782/2389/692
f 1791/2383/693 1796/2364/693 1785/2367/693 1776/2384/693
f 1797/2365/694 1793/2390/694 1781/2391/694 1784/2366/694
f 1795/2375/695 1805/2386/695 1782/2389/695 1779/2376/695
f 1804/2378/696 1801/2382/696 1788/2385/696 1786/2379/696
f 1793/2390/697 1799/2380/697 1780/2381/697 1781/2391/697
f 1786/2379/698 1787/2392/698 1771/2373/698
f 1771/2373/698 1787/2392/698 1774/2370/698
f 1774/2370/698 1787/2392/698 1773/2371/698
f 1804/2378/699 1792/2372/699 1789/2393/699
f 1792/2372/699 1794/2369/699 1789/2393/699
f 1794/2369/699 1802/2368/699 1789/2393/699
f 1802/2368/700 1800/2357/700 1789/2393/700
f 1800/2357/699 1798/2356/699 1789/2393/699
f 1798/2356/700 1805/2394/700 1789/2393/700
f 1805/2394/699 1795/2395/699 1789/2393/699
f 1795/2395/699 1803/2361/699 1789/2393/699
f 1803/2361/699 1790/2360/699 1789/2393/699
f 1790/2360/699 1799/2380/699 1789/2393/699
f 1799/2380/699 1793/2390/699 1789/2393/699
f 1793/2390/699 1797/2365/699 1789/2393/699
f 1797/2365/699 1796/2364/699 1789/2393/699
f 1796/2364/699 1791/2383/699 1789/2393/699
f 1791/2383/699 1801/2382/699 1789/2393/699
f 1801/2382/699 1804/2378/699 1789/2393/699
f 1788/2385/698 1787/2392/698 1786/2379/698
f 1776/2384/698 1787/2392/698 1788/2385/698
f 1785/2367/698 1787/2392/698 1776/2384/698
f 1784/2366/698 1787/2392/698 1785/2367/698
f 1773/2371/698 1787/2392/698 1775/2358/698
f 1781/2391/698 1787/2392/698 1784/2366/698
f 1780/2381/698 1787/2392/698 1781/2391/698
f 1778/2363/698 1787/2392/698 1780/2381/698
f 1777/2362/698 1787/2392/698 1778/2363/698
f 1779/2396/698 1787/2392/698 1777/2362/698
f 1782/2397/698 1787/2392/698 1779/2396/698
f 1783/2359/698 1787/2392/698 1782/2397/698
f 1775/2358/698 1787/2392/698 1783/2359/698
f 1832/2398/682 1834/2399/682 1809/2400/682 1817/2401/682
f 1824/2402/683 1837/2403/683 1811/2404/683 1812/2405/683
f 1830/2406/684 1831/2407/684 1818/2408/684 1819/2409/684
f 1836/2410/685 1828/2411/685 1808/2412/685 1807/2413/685
f 1828/2411/686 1826/2414/686 1806/2415/686 1808/2412/686
f 1837/2416/687 1829/2417/687 1813/2418/687 1811/2419/687
f 1834/2399/688 1836/2410/688 1807/2413/688 1809/2400/688
f 1826/2414/689 1838/2420/689 1820/2421/689 1806/2415/689
f 1833/2422/690 1824/2402/690 1812/2405/690 1814/2423/690
f 1835/2424/691 1825/2425/691 1810/2426/691 1822/2427/691
f 1839/2428/692 1832/2398/692 1817/2401/692 1816/2429/692
f 1825/2425/693 1830/2406/693 1819/2409/693 1810/2426/693
f 1831/2407/694 1827/2430/694 1815/2431/694 1818/2408/694
f 1829/2417/695 1839/2432/695 1816/2433/695 1813/2418/695
f 1838/2420/696 1835/2424/696 1822/2427/696 1820/2421/696
f 1827/2430/697 1833/2422/697 1814/2423/697 1815/2431/697
f 1820/2421/698 1821/2434/698 1806/2415/698
f 1806/2415/698 1821/2434/698 1808/2412/698
f 1808/2412/698 1821/2434/698 1807/2413/698
f 1838/2420/699 1826/2414/699 1823/2435/699
f 1826/2414/699 1828/2411/699 1823/2435/699
f 1828/2411/699 1836/2410/699 1823/2435/699
f 1836/2410/699 1834/2399/699 1823/2435/699
f 1834/2399/699 1832/2398/699 1823/2435/699
f 1832/2398/699 1839/2428/699 1823/2435/699
f 1839/2428/699 1829/2436/699 1823/2435/699
f 1829/2436/699 1837/2403/699 1823/2435/699
f 1837/2403/699 1824/2402/699 1823/2435/699
f 1824/2402/699 1833/2422/699 1823/2435/699
f 1833/2422/700 1827/2430/700 1823/2435/700
f 1827/2430/699 1831/2407/699 1823/2435/699
f 1831/2407/699 1830/2406/699 1823/2435/699
f 1830/2406/699 1825/2425/699 1823/2435/699
f 1825/2425/699 1835/2424/699 1823/2435/699
f 1835/2424/699 1838/2420/699 1823/2435/699
f 1822/2427/698 1821/2434/698 1820/2421/698
f 1810/2426/698 1821/2434/698 1822/2427/698
f 1819/2409/698 1821/2434/698 1810/2426/698
f 1818/2408/698 1821/2434/698 1819/2409/698
f 1807/2413/698 1821/2434/698 1809/2400/698
f 1815/2431/698 1821/2434/698 1818/2408/698
f 1814/2423/698 1821/2434/698 1815/2431/698
f 1812/2405/698 1821/2434/698 1814/2423/698
f 1811/2404/698 1821/2434/698 1812/2405/698
f 1813/2437/698 1821/2434/698 1811/2404/698
f 1816/2429/698 1821/2434/698 1813/2437/698
f 1817/2401/698 1821/2434/698 1816/2429/698
f 1809/2400/698 1821/2434/698 1817/2401/698
f 1870/2438/698 1858/2439/698 1862/2440/698
f 1862/2440/698 1858/2439/698 1863/2441/698
f 1863/2441/698 1858/2439/698 1866/2442/698
f 1866/2442/698 1858/2439/698 1868/2443/698
f 1868/2443/698 1858/2439/698 1867/2444/698
f 1867/2444/698 1858/2439/698 1865/2445/698
f 1865/2445/698 1858/2439/698 1864/2446/698
f 1864/2446/698 1858/2439/698 1861/2447/698
f 1872/2448/698 1858/2439/698 1870/2438/698
f 1861/2447/698 1858/2439/698 1860/2449/698
f 1860/2449/698 1858/2439/698 1869/2450/698
f 1869/2450/698 1858/2439/698 1857/2451/698
f 1857/2451/698 1858/2439/698 1859/2452/698
f 1844/2453/699 1841/2454/699 1856/2455/699
f 1854/2456/699 1844/2453/699 1856/2455/699
f 1849/2457/699 1854/2456/699 1856/2455/699
f 1848/2458/699 1849/2457/699 1856/2455/699
f 1852/2459/699 1848/2458/699 1856/2455/699
f 1846/2460/700 1852/2459/700 1856/2455/700
f 1855/2461/699 1846/2460/699 1856/2455/699
f 1842/2462/699 1855/2461/699 1856/2455/699
f 1850/2463/699 1842/2462/699 1856/2455/699
f 1840/2464/699 1850/2463/699 1856/2455/699
f 1847/2465/699 1840/2464/699 1856/2455/699
f 1845/2466/699 1847/2465/699 1856/2455/699
f 1843/2467/699 1845/2466/699 1856/2455/699
f 1851/2468/699 1843/2467/699 1856/2455/699
f 1853/2469/699 1851/2468/699 1856/2455/699
f 1841/2454/699 1853/2469/699 1856/2455/699
f 1871/2470/698 1858/2439/698 1872/2448/698
f 1873/2471/698 1858/2439/698 1871/2470/698
f 1859/2452/698 1858/2439/698 1873/2471/698
f 1852/2459/697 1846/2460/697 1865/2445/697 1864/2446/697
f 1841/2454/696 1844/2453/696 1857/2451/696 1859/2452/696
f 1850/2472/695 1840/2473/695 1863/2474/695 1866/2475/695
f 1848/2458/694 1852/2459/694 1864/2446/694 1861/2447/694
f 1854/2456/693 1849/2457/693 1860/2449/693 1869/2450/693
f 1840/2473/692 1847/2476/692 1862/2477/692 1863/2474/692
f 1844/2453/691 1854/2456/691 1869/2450/691 1857/2451/691
f 1846/2460/690 1855/2461/690 1867/2444/690 1865/2445/690
f 1853/2469/689 1841/2454/689 1859/2452/689 1873/2471/689
f 1845/2466/688 1843/2467/688 1872/2448/688 1870/2438/688
f 1842/2478/687 1850/2472/687 1866/2475/687 1868/2479/687
f 1851/2468/686 1853/2469/686 1873/2471/686 1871/2470/686
f 1843/2467/685 1851/2468/685 1871/2470/685 1872/2448/685
f 1849/2457/684 1848/2458/684 1861/2447/684 1860/2449/684
f 1855/2461/683 1842/2462/683 1868/2443/683 1867/2444/683
f 1847/2476/682 1845/2480/682 1870/2481/682 1862/2477/682
f 1904/2482/698 1892/2483/698 1896/2484/698
f 1896/2484/698 1892/2483/698 1897/2485/698
f 1897/2485/698 1892/2483/698 1900/2486/698
f 1900/2486/698 1892/2483/698 1902/2487/698
f 1902/2487/698 1892/2483/698 1901/2488/698
f 1901/2488/698 1892/2483/698 1899/2489/698
f 1899/2489/698 1892/2483/698 1898/2490/698
f 1898/2490/698 1892/2483/698 1895/2491/698
f 1906/2492/698 1892/2483/698 1904/2482/698
f 1895/2491/698 1892/2483/698 1894/2493/698
f 1894/2493/698 1892/2483/698 1903/2494/698
f 1903/2494/698 1892/2483/698 1891/2495/698
f 1891/2495/698 1892/2483/698 1893/2496/698
f 1878/2497/699 1875/2498/699 1890/2499/699
f 1888/2500/699 1878/2497/699 1890/2499/699
f 1883/2501/699 1888/2500/699 1890/2499/699
f 1882/2502/699 1883/2501/699 1890/2499/699
f 1886/2503/699 1882/2502/699 1890/2499/699
f 1880/2504/699 1886/2503/699 1890/2499/699
f 1889/2505/699 1880/2504/699 1890/2499/699
f 1876/2506/699 1889/2505/699 1890/2499/699
f 1884/2507/699 1876/2506/699 1890/2499/699
f 1874/2508/699 1884/2507/699 1890/2499/699
f 1881/2509/700 1874/2508/700 1890/2499/700
f 1879/2510/699 1881/2509/699 1890/2499/699
f 1877/2511/700 1879/2510/700 1890/2499/700
f 1885/2512/699 1877/2511/699 1890/2499/699
f 1887/2513/699 1885/2512/699 1890/2499/699
f 1875/2498/699 1887/2513/699 1890/2499/699
f 1905/2514/698 1892/2483/698 1906/2492/698
f 1907/2515/698 1892/2483/698 1905/2514/698
f 1893/2496/698 1892/2483/698 1907/2515/698
f 1886/2503/697 1880/2504/697 1899/2489/697 1898/2490/697
f 1875/2498/696 1878/2497/696 1891/2495/696 1893/2496/696
f 1884/2516/695 1874/2517/695 1897/2518/695 1900/2519/695
f 1882/2502/694 1886/2503/694 1898/2490/694 1895/2491/694
f 1888/2500/693 1883/2501/693 1894/2493/693 1903/2494/693
f 1874/2517/692 1881/2520/692 1896/2521/692 1897/2518/692
f 1878/2497/691 1888/2500/691 1903/2494/691 1891/2495/691
f 1880/2504/690 1889/2505/690 1901/2488/690 1899/2489/690
f 1887/2513/689 1875/2498/689 1893/2496/689 1907/2515/689
f 1879/2510/688 1877/2511/688 1906/2492/688 1904/2482/688
f 1876/2522/687 1884/2516/687 1900/2519/687 1902/2523/687
f 1885/2512/686 1887/2513/686 1907/2515/686 1905/2514/686
f 1877/2511/685 1885/2512/685 1905/2514/685 1906/2492/685
f 1883/2501/684 1882/2502/684 1895/2491/684 1894/2493/684
f 1889/2505/683 1876/2506/683 1902/2487/683 1901/2488/683
f 1881/2520/682 1879/2524/682 1904/2525/682 1896/2521/682
f 1653/2333/701 1576/2334/701 1920/2526/701 1921/2527/701
f 1576/2334/702 1729/2335/702 1923/2528/702 1920/2526/702
f 1729/2335/703 1731/2336/703 1919/2529/703 1923/2528/703
f 1733/2530/704 1564/2531/704 1922/2532/704 1918/2533/704
f 1655/2534/705 1653/2535/705 1921/2536/705 1917/2537/705
f 1732/2323/706 1657/2324/706 1915/2538/706 1916/2539/706
f 1657/2324/707 1656/2325/707 1914/2540/707 1915/2538/707
f 1564/2531/708 1728/2541/708 1913/2542/708 1922/2532/708
f 1728/2541/709 1541/2543/709 1912/2544/709 1913/2542/709
f 1541/2543/710 1655/2534/710 1917/2537/710 1912/2544/710
f 1731/2336/711 1553/2321/711 1911/2545/711 1919/2529/711
f 1553/2321/712 1652/2320/712 1910/2546/712 1911/2545/712
f 1652/2320/713 1732/2323/713 1916/2539/713 1910/2546/713
f 1656/2325/714 1730/2326/714 1909/2547/714 1914/2540/714
f 1730/2326/715 1654/2327/715 1908/2548/715 1909/2547/715
f 1654/2327/716 1733/2328/716 1918/2549/716 1908/2548/716
f 1938/2340/717 1924/2313/717 1939/2550/717
f 1924/2313/717 1926/2312/717 1939/2550/717
f 1926/2312/717 1925/2085/717 1939/2550/717
f 1956/2339/718 1941/2551/718 1944/2314/718
f 1944/2314/718 1941/2551/718 1946/2311/718
f 1946/2311/718 1941/2551/718 1954/2086/718
f 1954/2086/719 1941/2551/719 1952/2083/719
f 1952/2083/718 1941/2551/718 1950/2225/718
f 1950/2225/718 1941/2551/718 1957/2337/718
f 1957/2337/718 1941/2551/718 1947/2552/718
f 1947/2552/718 1941/2551/718 1955/2355/718
f 1955/2355/718 1941/2551/718 1942/2353/718
f 1942/2353/718 1941/2551/718 1951/2350/718
f 1951/2350/718 1941/2551/718 1945/2342/718
f 1945/2342/718 1941/2551/718 1949/2318/718
f 1949/2318/718 1941/2551/718 1948/2315/718
f 1948/2315/718 1941/2551/718 1943/2308/718
f 1943/2308/719 1941/2551/719 1953/2305/719
f 1953/2305/718 1941/2551/718 1956/2339/718
f 1940/2306/717 1938/2340/717 1939/2550/717
f 1928/2307/717 1940/2306/717 1939/2550/717
f 1937/2316/717 1928/2307/717 1939/2550/717
f 1936/2317/717 1937/2316/717 1939/2550/717
f 1925/2085/717 1927/2084/717 1939/2550/717
f 1933/2341/717 1936/2317/717 1939/2550/717
f 1932/2351/717 1933/2341/717 1939/2550/717
f 1930/2352/717 1932/2351/717 1939/2550/717
f 1929/2354/717 1930/2352/717 1939/2550/717
f 1931/2553/717 1929/2354/717 1939/2550/717
f 1934/2338/717 1931/2553/717 1939/2550/717
f 1935/2226/717 1934/2338/717 1939/2550/717
f 1927/2084/717 1935/2226/717 1939/2550/717
f 1984/2554/651 1969/2555/651 1961/2556/651 1986/2557/651
f 1976/2558/680 1964/2559/680 1963/2560/680 1989/2561/680
f 1982/2562/664 1971/2563/664 1970/2564/664 1983/2565/664
f 1988/2566/675 1959/2567/675 1960/2568/675 1980/2569/675
f 1980/2569/663 1960/2568/663 1958/2570/663 1978/2571/663
f 1989/2572/674 1963/2573/674 1965/2574/674 1981/2575/674
f 1986/2576/570 1961/2577/570 1959/2567/570 1988/2566/570
f 1978/2571/681 1958/2570/681 1972/2578/681 1990/2579/681
f 1985/2580/677 1966/2581/677 1964/2559/677 1976/2558/677
f 1987/2582/662 1974/2583/662 1962/2584/662 1977/2585/662
f 1991/2586/671 1968/2587/671 1969/2555/671 1984/2554/671
f 1977/2585/679 1962/2584/679 1971/2563/679 1982/2562/679
f 1983/2565/673 1970/2564/673 1967/2588/673 1979/2589/673
f 1981/2575/676 1965/2574/676 1968/2587/676 1991/2586/676
f 1990/2579/672 1972/2578/672 1974/2583/672 1987/2582/672
f 1979/2589/678 1967/2588/678 1966/2581/678 1985/2580/678
f 1972/2578/717 1958/2570/717 1973/2590/717
f 1958/2570/717 1960/2568/717 1973/2590/717
f 1960/2568/717 1959/2567/717 1973/2590/717
f 1990/2579/718 1975/2591/718 1978/2571/718
f 1978/2571/718 1975/2591/718 1980/2569/718
f 1980/2569/718 1975/2591/718 1988/2566/718
f 1988/2566/719 1975/2591/719 1986/2576/719
f 1986/2576/718 1975/2591/718 1984/2592/718
f 1984/2592/718 1975/2591/718 1991/2593/718
f 1991/2593/718 1975/2591/718 1981/2594/718
f 1981/2594/718 1975/2591/718 1989/2561/718
f 1989/2561/718 1975/2591/718 1976/2558/718
f 1976/2558/718 1975/2591/718 1985/2580/718
f 1985/2580/718 1975/2591/718 1979/2589/718
f 1979/2589/718 1975/2591/718 1983/2565/718
f 1983/2565/718 1975/2591/718 1982/2562/718
f 1982/2562/718 1975/2591/718 1977/2585/718
f 1977/2585/718 1975/2591/718 1987/2582/718
f 1987/2582/718 1975/2591/718 1990/2579/718
f 1974/2583/717 1972/2578/717 1973/2590/717
f 1962/2584/717 1974/2583/717 1973/2590/717
f 1971/2563/717 1962/2584/717 1973/2590/717
f 1970/2564/717 1971/2563/717 1973/2590/717
f 1959/2567/717 1961/2577/717 1973/2590/717
f 1967/2588/717 1970/2564/717 1973/2590/717
f 1966/2581/717 1967/2588/717 1973/2590/717
f 1964/2559/717 1966/2581/717 1973/2590/717
f 1963/2560/717 1964/2559/717 1973/2590/717
f 1965/2595/717 1963/2560/717 1973/2590/717
f 1968/2596/717 1965/2595/717 1973/2590/717
f 1969/2597/717 1968/2596/717 1973/2590/717
f 1961/2577/717 1969/2597/717 1973/2590/717
f 2022/2598/717 2014/2599/717 2010/2600/717
f 2014/2599/717 2015/2601/717 2010/2600/717
f 2015/2601/717 2018/2602/717 2010/2600/717
f 2018/2602/717 2020/2603/717 2010/2600/717
f 2020/2603/717 2019/2604/717 2010/2600/717
f 2019/2604/717 2017/2605/717 2010/2600/717
f 2017/2605/717 2016/2606/717 2010/2600/717
f 2016/2606/717 2013/2607/717 2010/2600/717
f 2024/2608/717 2022/2598/717 2010/2600/717
f 2013/2607/717 2012/2609/717 2010/2600/717
f 2012/2609/717 2021/2610/717 2010/2600/717
f 2021/2610/717 2009/2611/717 2010/2600/717
f 2009/2611/717 2011/2612/717 2010/2600/717
f 1996/2613/718 2008/2614/718 1993/2615/718
f 2006/2616/718 2008/2614/718 1996/2613/718
f 2001/2617/718 2008/2614/718 2006/2616/718
f 2000/2618/718 2008/2614/718 2001/2617/718
f 2004/2619/718 2008/2614/718 2000/2618/718
f 1998/2620/718 2008/2614/718 2004/2619/718
f 2007/2621/718 2008/2614/718 1998/2620/718
f 1994/2622/718 2008/2614/718 2007/2621/718
f 2002/2623/718 2008/2614/718 1994/2622/718
f 1992/2624/718 2008/2614/718 2002/2623/718
f 1999/2625/718 2008/2614/718 1992/2624/718
f 1997/2626/718 2008/2614/718 1999/2625/718
f 1995/2627/719 2008/2614/719 1997/2626/719
f 2003/2628/718 2008/2614/718 1995/2627/718
f 2005/2629/718 2008/2614/718 2003/2628/718
f 1993/2615/718 2008/2614/718 2005/2629/718
f 2023/2630/717 2024/2608/717 2010/2600/717
f 2025/2631/717 2023/2630/717 2010/2600/717
f 2011/2612/717 2025/2631/717 2010/2600/717
f 2004/2619/678 2016/2606/678 2017/2605/678 1998/2620/678
f 1993/2615/672 2011/2612/672 2009/2611/672 1996/2613/672
f 2002/2632/676 2018/2633/676 2015/2634/676 1992/2635/676
f 2000/2618/673 2013/2607/673 2016/2606/673 2004/2619/673
f 2006/2616/679 2021/2610/679 2012/2609/679 2001/2617/679
f 1992/2635/671 2015/2634/671 2014/2636/671 1999/2637/671
f 1996/2613/662 2009/2611/662 2021/2610/662 2006/2616/662
f 1998/2620/677 2017/2605/677 2019/2604/677 2007/2621/677
f 2005/2629/681 2025/2631/681 2011/2612/681 1993/2615/681
f 1997/2626/570 2022/2598/570 2024/2608/570 1995/2627/570
f 1994/2638/674 2020/2639/674 2018/2633/674 2002/2632/674
f 2003/2628/663 2023/2630/663 2025/2631/663 2005/2629/663
f 1995/2627/675 2024/2608/675 2023/2630/675 2003/2628/675
f 2001/2617/664 2012/2609/664 2013/2607/664 2000/2618/664
f 2007/2621/680 2019/2604/680 2020/2603/680 1994/2622/680
f 1999/2637/651 2014/2636/651 2022/2640/651 1997/2641/651
f 2056/2642/717 2048/2643/717 2044/2644/717
f 2048/2643/717 2049/2645/717 2044/2644/717
f 2049/2645/717 2052/2646/717 2044/2644/717
f 2052/2646/717 2054/2647/717 2044/2644/717
f 2054/2647/717 2053/2648/717 2044/2644/717
f 2053/2648/717 2051/2649/717 2044/2644/717
f 2051/2649/717 2050/2650/717 2044/2644/717
f 2050/2650/717 2047/2651/717 2044/2644/717
f 2058/2652/717 2056/2642/717 2044/2644/717
f 2047/2651/717 2046/2653/717 2044/2644/717
f 2046/2653/717 2055/2654/717 2044/2644/717
f 2055/2654/717 2043/2655/717 2044/2644/717
f 2043/2655/717 2045/2656/717 2044/2644/717
f 2030/2657/718 2042/2658/718 2027/2659/718
f 2040/2660/719 2042/2658/719 2030/2657/719
f 2035/2661/718 2042/2658/718 2040/2660/718
f 2034/2662/718 2042/2658/718 2035/2661/718
f 2038/2663/718 2042/2658/718 2034/2662/718
f 2032/2664/718 2042/2658/718 2038/2663/718
f 2041/2665/718 2042/2658/718 2032/2664/718
f 2028/2666/718 2042/2658/718 2041/2665/718
f 2036/2667/718 2042/2658/718 2028/2666/718
f 2026/2668/718 2042/2658/718 2036/2667/718
f 2033/2669/718 2042/2658/718 2026/2668/718
f 2031/2670/718 2042/2658/718 2033/2669/718
f 2029/2671/719 2042/2658/719 2031/2670/719
f 2037/2672/718 2042/2658/718 2029/2671/718
f 2039/2673/718 2042/2658/718 2037/2672/718
f 2027/2659/718 2042/2658/718 2039/2673/718
f 2057/2674/717 2058/2652/717 2044/2644/717
f 2059/2675/717 2057/2674/717 2044/2644/717
f 2045/2656/717 2059/2675/717 2044/2644/717
f 2038/2663/678 2050/2650/678 2051/2649/678 2032/2664/678
f 2027/2659/672 2045/2656/672 2043/2655/672 2030/2657/672
f 2036/2676/676 2052/2677/676 2049/2678/676 2026/2679/676
f 2034/2662/673 2047/2651/673 2050/2650/673 2038/2663/673
f 2040/2660/679 2055/2654/679 2046/2653/679 2035/2661/679
f 2026/2679/671 2049/2678/671 2048/2680/671 2033/2681/671
f 2030/2657/662 2043/2655/662 2055/2654/662 2040/2660/662
f 2032/2664/677 2051/2649/677 2053/2648/677 2041/2665/677
f 2039/2673/681 2059/2675/681 2045/2656/681 2027/2659/681
f 2031/2670/570 2056/2642/570 2058/2652/570 2029/2671/570
f 2028/2682/674 2054/2683/674 2052/2677/674 2036/2676/674
f 2037/2672/663 2057/2674/663 2059/2675/663 2039/2673/663
f 2029/2671/675 2058/2652/675 2057/2674/675 2037/2672/675
f 2035/2661/664 2046/2653/664 2047/2651/664 2034/2662/664
f 2041/2665/680 2053/2648/680 2054/2647/680 2028/2666/680
f 2033/2681/651 2048/2680/651 2056/2684/651 2031/2685/651
f 1751/2343/720 1921/2527/720 1920/2526/720 1744/2228/720
f 1744/2228/721 1920/2526/721 1923/2528/721 1760/2227/721
f 1760/2227/722 1923/2528/722 1919/2529/722 1765/2171/722
f 1767/2686/723 1918/2533/723 1922/2532/723 1743/2687/723
f 1753/2688/724 1917/2537/724 1921/2536/724 1751/2689/724
f 1766/2310/725 1916/2539/725 1915/2538/725 1757/2309/725
f 1757/2309/726 1915/2538/726 1914/2540/726 1755/2097/726
f 1743/2687/727 1922/2532/727 1913/2542/727 1758/2690/727
f 1758/2690/728 1913/2542/728 1912/2544/728 1738/2691/728
f 1738/2691/729 1912/2544/729 1917/2537/729 1753/2688/729
f 1765/2171/730 1919/2529/730 1911/2545/730 1739/2170/730
f 1739/2170/731 1911/2545/731 1910/2546/731 1747/2319/731
f 1747/2319/732 1910/2546/732 1916/2539/732 1766/2310/732
f 1755/2097/733 1914/2540/733 1909/2547/733 1763/2095/733
f 1763/2095/734 1909/2547/734 1908/2548/734 1752/2304/734
f 1752/2304/735 1908/2548/735 1918/2549/735 1767/2303/735
f 2075/2692/10 2067/2693/10 2060/2694/10
f 2065/2695/10 2071/2696/10 2060/2694/10
f 2064/2697/10 2073/2698/10 2060/2694/10
f 2067/2693/10 2069/2699/10 2060/2694/10
f 2071/2696/10 2062/2700/10 2060/2694/10
f 2068/2701/10 2076/2702/10 2060/2694/10
f 2062/2700/10 2075/2692/10 2060/2694/10
f 2069/2699/10 2068/2701/10 2060/2694/10
f 2073/2698/10 2065/2695/10 2060/2694/10
f 2072/2703/10 2064/2697/10 2060/2694/10
f 2063/2704/10 2072/2703/10 2060/2694/10
f 2074/2705/10 2063/2704/10 2060/2694/10
f 2066/2706/10 2074/2705/10 2060/2694/10
f 2070/2707/10 2066/2706/10 2060/2694/10
f 2061/2708/10 2070/2707/10 2060/2694/10
f 2076/2702/10 2061/2708/10 2060/2694/10
f 2093/2709/2 2078/2710/2 2090/2711/2
f 2092/2712/2 2078/2710/2 2084/2713/2
f 2086/2714/2 2078/2710/2 2088/2715/2
f 2090/2711/2 2078/2710/2 2089/2716/2
f 2084/2713/2 2078/2710/2 2083/2717/2
f 2091/2718/2 2078/2710/2 2087/2719/2
f 2083/2717/2 2078/2710/2 2093/2709/2
f 2089/2716/2 2078/2710/2 2091/2718/2
f 2088/2715/2 2078/2710/2 2092/2712/2
f 2085/2720/2 2078/2710/2 2086/2714/2
f 2082/2721/2 2078/2710/2 2085/2720/2
f 2081/2722/2 2078/2710/2 2082/2721/2
f 2077/2723/2 2078/2710/2 2081/2722/2
f 2079/2724/2 2078/2710/2 2077/2723/2
f 2080/2725/2 2078/2710/2 2079/2724/2
f 2087/2719/2 2078/2710/2 2080/2725/2
f 2064/2697/54 2072/2703/54 2085/2720/54 2086/2714/54
f 2065/2695/52 2073/2698/52 2088/2715/52 2092/2712/52
f 2061/2708/48 2076/2702/48 2087/2719/48 2080/2725/48
f 2076/2702/47 2068/2701/47 2091/2718/47 2087/2719/47
f 2073/2698/55 2064/2697/55 2086/2714/55 2088/2715/55
f 2063/2704/43 2074/2705/43 2081/2722/43 2082/2721/43
f 2074/2705/3 2066/2706/3 2077/2723/3 2081/2722/3
f 2069/2699/736 2067/2693/736 2090/2711/736 2089/2716/736
f 2066/2706/51 2070/2707/51 2079/2724/51 2077/2723/51
f 2067/2693/50 2075/2692/50 2093/2709/50 2090/2711/50
f 2068/2701/49 2069/2699/49 2089/2716/49 2091/2718/49
f 2070/2707/46 2061/2708/46 2080/2725/46 2079/2724/46
f 2071/2696/53 2065/2695/53 2092/2712/53 2084/2713/53
f 2062/2700/44 2071/2696/44 2084/2713/44 2083/2717/44
f 2075/2692/45 2062/2700/45 2083/2717/45 2093/2709/45
f 2072/2703/9 2063/2704/9 2082/2721/9 2085/2720/9
f 2109/2726/737 2101/2727/737 2094/2728/737
f 2099/2729/737 2105/2730/737 2094/2728/737
f 2098/2731/737 2107/2732/737 2094/2728/737
f 2101/2727/737 2103/2733/737 2094/2728/737
f 2105/2730/737 2096/2734/737 2094/2728/737
f 2102/2735/737 2110/2736/737 2094/2728/737
f 2096/2734/737 2109/2726/737 2094/2728/737
f 2103/2733/737 2102/2735/737 2094/2728/737
f 2107/2732/737 2099/2729/737 2094/2728/737
f 2106/2737/737 2098/2731/737 2094/2728/737
f 2097/2738/737 2106/2737/737 2094/2728/737
f 2108/2739/737 2097/2738/737 2094/2728/737
f 2100/2740/737 2108/2739/737 2094/2728/737
f 2104/2741/737 2100/2740/737 2094/2728/737
f 2095/2742/737 2104/2741/737 2094/2728/737
f 2110/2736/737 2095/2742/737 2094/2728/737
f 2127/2743/738 2112/2744/738 2124/2745/738
f 2126/2746/738 2112/2744/738 2118/2747/738
f 2120/2748/738 2112/2744/738 2122/2749/738
f 2124/2745/738 2112/2744/738 2123/2750/738
f 2118/2747/738 2112/2744/738 2117/2751/738
f 2125/2752/738 2112/2744/738 2121/2753/738
f 2117/2751/738 2112/2744/738 2127/2743/738
f 2123/2750/738 2112/2744/738 2125/2752/738
f 2122/2749/738 2112/2744/738 2126/2746/738
f 2119/2754/738 2112/2744/738 2120/2748/738
f 2116/2755/738 2112/2744/738 2119/2754/738
f 2115/2756/738 2112/2744/738 2116/2755/738
f 2111/2757/738 2112/2744/738 2115/2756/738
f 2113/2758/738 2112/2744/738 2111/2757/738
f 2114/2759/738 2112/2744/738 2113/2758/738
f 2121/2753/738 2112/2744/738 2114/2759/738
f 2098/2731/739 2106/2737/739 2119/2754/739 2120/2748/739
f 2099/2729/740 2107/2732/740 2122/2749/740 2126/2746/740
f 2095/2742/741 2110/2736/741 2121/2753/741 2114/2759/741
f 2110/2736/742 2102/2735/742 2125/2752/742 2121/2753/742
f 2107/2732/743 2098/2731/743 2120/2748/743 2122/2749/743
f 2097/2738/744 2108/2739/744 2115/2756/744 2116/2755/744
f 2108/2739/745 2100/2740/745 2111/2757/745 2115/2756/745
f 2103/2733/746 2101/2727/746 2124/2745/746 2123/2750/746
f 2100/2740/747 2104/2741/747 2113/2758/747 2111/2757/747
f 2101/2727/748 2109/2726/748 2127/2743/748 2124/2745/748
f 2102/2735/749 2103/2733/749 2123/2750/749 2125/2752/749
f 2104/2741/750 2095/2742/750 2114/2759/750 2113/2758/750
f 2105/2730/751 2099/2729/751 2126/2746/751 2118/2747/751
f 2096/2734/752 2105/2730/752 2118/2747/752 2117/2751/752
f 2109/2726/753 2096/2734/753 2117/2751/753 2127/2743/753
f 2106/2737/754 2097/2738/754 2116/2755/754 2119/2754/754
f 2143/2760/755 2135/2761/755 2128/2762/755
f 2133/2763/755 2139/2764/755 2128/2762/755
f 2132/2765/755 2141/2766/755 2128/2762/755
f 2135/2761/755 2137/2767/755 2128/2762/755
f 2139/2764/755 2130/2768/755 2128/2762/755
f 2136/2769/756 2144/2770/756 2128/2762/756
f 2130/2768/755 2143/2760/755 2128/2762/755
f 2137/2767/755 2136/2769/755 2128/2762/755
f 2141/2766/756 2133/2763/756 2128/2762/756
f 2140/2771/755 2132/2765/755 2128/2762/755
f 2131/2772/755 2140/2771/755 2128/2762/755
f 2142/2773/755 2131/2772/755 2128/2762/755
f 2134/2774/755 2142/2773/755 2128/2762/755
f 2138/2775/755 2134/2774/755 2128/2762/755
f 2129/2776/755 2138/2775/755 2128/2762/755
f 2144/2770/755 2129/2776/755 2128/2762/755
f 2161/2777/757 2146/2778/757 2158/2779/757
f 2160/2780/757 2146/2778/757 2152/2781/757
f 2154/2782/758 2146/2778/758 2156/2783/758
f 2158/2779/757 2146/2778/757 2157/2784/757
f 2152/2781/757 2146/2778/757 2151/2785/757
f 2159/2786/758 2146/2778/758 2155/2787/758
f 2151/2785/757 2146/2778/757 2161/2777/757
f 2157/2784/757 2146/2778/757 2159/2786/757
f 2156/2783/757 2146/2778/757 2160/2780/757
f 2153/2788/757 2146/2778/757 2154/2782/757
f 2150/2789/757 2146/2778/757 2153/2788/757
f 2149/2790/757 2146/2778/757 2150/2789/757
f 2145/2791/757 2146/2778/757 2149/2790/757
f 2147/2792/757 2146/2778/757 2145/2791/757
f 2148/2793/757 2146/2778/757 2147/2792/757
f 2155/2787/757 2146/2778/757 2148/2793/757
f 2132/2765/759 2140/2771/759 2153/2788/759 2154/2782/759
f 2133/2763/760 2141/2766/760 2156/2783/760 2160/2780/760
f 2129/2776/761 2144/2770/761 2155/2787/761 2148/2793/761
f 2144/2770/762 2136/2769/762 2159/2786/762 2155/2787/762
f 2141/2766/763 2132/2765/763 2154/2782/763 2156/2783/763
f 2131/2772/764 2142/2773/764 2149/2790/764 2150/2789/764
f 2142/2773/765 2134/2774/765 2145/2791/765 2149/2790/765
f 2137/2767/766 2135/2761/766 2158/2779/766 2157/2784/766
f 2134/2774/767 2138/2775/767 2147/2792/767 2145/2791/767
f 2135/2761/768 2143/2760/768 2161/2777/768 2158/2779/768
f 2136/2769/769 2137/2767/769 2157/2784/769 2159/2786/769
f 2138/2775/770 2129/2776/770 2148/2793/770 2147/2792/770
f 2139/2764/771 2133/2763/771 2160/2780/771 2152/2781/771
f 2130/2768/772 2139/2764/772 2152/2781/772 2151/2785/772
f 2143/2760/773 2130/2768/773 2151/2785/773 2161/2777/773
f 2140/2771/774 2131/2772/774 2150/2789/774 2153/2788/774
f 2177/2794/2 2162/2795/2 2169/2796/2
f 2167/2797/2 2162/2795/2 2173/2798/2
f 2166/2799/2 2162/2795/2 2175/2800/2
f 2169/2796/2 2162/2795/2 2171/2801/2
f 2173/2798/2 2162/2795/2 2164/2802/2
f 2170/2803/2 2162/2795/2 2178/2804/2
f 2164/2802/2 2162/2795/2 2177/2794/2
f 2171/2801/2 2162/2795/2 2170/2803/2
f 2175/2800/2 2162/2795/2 2167/2797/2
f 2174/2805/2 2162/2795/2 2166/2799/2
f 2165/2806/2 2162/2795/2 2174/2805/2
f 2176/2807/2 2162/2795/2 2165/2806/2
f 2168/2808/2 2162/2795/2 2176/2807/2
f 2172/2809/2 2162/2795/2 2168/2808/2
f 2163/2810/2 2162/2795/2 2172/2809/2
f 2178/2804/2 2162/2795/2 2163/2810/2
f 2195/2811/10 2192/2812/10 2180/2813/10
f 2194/2814/10 2186/2815/10 2180/2813/10
f 2188/2816/10 2190/2817/10 2180/2813/10
f 2192/2812/10 2191/2818/10 2180/2813/10
f 2186/2815/10 2185/2819/10 2180/2813/10
f 2193/2820/10 2189/2821/10 2180/2813/10
f 2185/2819/10 2195/2811/10 2180/2813/10
f 2191/2818/10 2193/2820/10 2180/2813/10
f 2190/2817/10 2194/2814/10 2180/2813/10
f 2187/2822/10 2188/2816/10 2180/2813/10
f 2184/2823/10 2187/2822/10 2180/2813/10
f 2183/2824/10 2184/2823/10 2180/2813/10
f 2179/2825/10 2183/2824/10 2180/2813/10
f 2181/2826/10 2179/2825/10 2180/2813/10
f 2182/2827/10 2181/2826/10 2180/2813/10
f 2189/2821/10 2182/2827/10 2180/2813/10
f 2166/2799/54 2188/2816/54 2187/2822/54 2174/2805/54
f 2167/2797/52 2194/2814/52 2190/2817/52 2175/2800/52
f 2163/2810/48 2182/2827/48 2189/2821/48 2178/2804/48
f 2178/2804/47 2189/2821/47 2193/2820/47 2170/2803/47
f 2175/2800/55 2190/2817/55 2188/2816/55 2166/2799/55
f 2165/2806/43 2184/2823/43 2183/2824/43 2176/2807/43
f 2176/2807/3 2183/2824/3 2179/2825/3 2168/2808/3
f 2171/2801/736 2191/2818/736 2192/2812/736 2169/2796/736
f 2168/2808/51 2179/2825/51 2181/2826/51 2172/2809/51
f 2169/2796/50 2192/2812/50 2195/2811/50 2177/2794/50
f 2170/2803/49 2193/2820/49 2191/2818/49 2171/2801/49
f 2172/2809/46 2181/2826/46 2182/2827/46 2163/2810/46
f 2173/2798/53 2186/2815/53 2194/2814/53 2167/2797/53
f 2164/2802/44 2185/2819/44 2186/2815/44 2173/2798/44
f 2177/2794/45 2195/2811/45 2185/2819/45 2164/2802/45
f 2174/2805/9 2187/2822/9 2184/2823/9 2165/2806/9
f 2211/2828/775 2196/2829/775 2203/2830/775
f 2201/2831/775 2196/2829/775 2207/2832/775
f 2200/2833/775 2196/2829/775 2209/2834/775
f 2203/2830/775 2196/2829/775 2205/2835/775
f 2207/2832/775 2196/2829/775 2198/2836/775
f 2204/2837/775 2196/2829/775 2212/2838/775
f 2198/2836/775 2196/2829/775 2211/2828/775
f 2205/2835/775 2196/2829/775 2204/2837/775
f 2209/2834/775 2196/2829/775 2201/2831/775
f 2208/2839/775 2196/2829/775 2200/2833/775
f 2199/2840/775 2196/2829/775 2208/2839/775
f 2210/2841/775 2196/2829/775 2199/2840/775
f 2202/2842/775 2196/2829/775 2210/2841/775
f 2206/2843/775 2196/2829/775 2202/2842/775
f 2197/2844/775 2196/2829/775 2206/2843/775
f 2212/2838/775 2196/2829/775 2197/2844/775
f 2229/2845/776 2226/2846/776 2214/2847/776
f 2228/2848/776 2220/2849/776 2214/2847/776
f 2222/2850/776 2224/2851/776 2214/2847/776
f 2226/2846/776 2225/2852/776 2214/2847/776
f 2220/2849/776 2219/2853/776 2214/2847/776
f 2227/2854/776 2223/2855/776 2214/2847/776
f 2219/2853/776 2229/2845/776 2214/2847/776
f 2225/2852/776 2227/2854/776 2214/2847/776
f 2224/2851/776 2228/2848/776 2214/2847/776
f 2221/2856/776 2222/2850/776 2214/2847/776
f 2218/2857/776 2221/2856/776 2214/2847/776
f 2217/2858/776 2218/2857/776 2214/2847/776
f 2213/2859/776 2217/2858/776 2214/2847/776
f 2215/2860/776 2213/2859/776 2214/2847/776
f 2216/2861/776 2215/2860/776 2214/2847/776
f 2223/2855/776 2216/2861/776 2214/2847/776
f 2200/2833/777 2222/2850/777 2221/2856/777 2208/2839/777
f 2201/2831/778 2228/2848/778 2224/2851/778 2209/2834/778
f 2197/2844/779 2216/2861/779 2223/2855/779 2212/2838/779
f 2212/2838/780 2223/2855/780 2227/2854/780 2204/2837/780
f 2209/2834/781 2224/2851/781 2222/2850/781 2200/2833/781
f 2199/2840/782 2218/2857/782 2217/2858/782 2210/2841/782
f 2210/2841/783 2217/2858/783 2213/2859/783 2202/2842/783
f 2205/2835/784 2225/2852/784 2226/2846/784 2203/2830/784
f 2202/2842/785 2213/2859/785 2215/2860/785 2206/2843/785
f 2203/2830/786 2226/2846/786 2229/2845/786 2211/2828/786
f 2204/2837/787 2227/2854/787 2225/2852/787 2205/2835/787
f 2206/2843/788 2215/2860/788 2216/2861/788 2197/2844/788
f 2207/2832/789 2220/2849/789 2228/2848/789 2201/2831/789
f 2198/2836/790 2219/2853/790 2220/2849/790 2207/2832/790
f 2211/2828/791 2229/2845/791 2219/2853/791 2198/2836/791
f 2208/2839/792 2221/2856/792 2218/2857/792 2199/2840/792
f 2245/2862/793 2230/2863/793 2237/2864/793
f 2235/2865/793 2230/2863/793 2241/2866/793
f 2234/2867/793 2230/2863/793 2243/2868/793
f 2237/2864/793 2230/2863/793 2239/2869/793
f 2241/2866/793 2230/2863/793 2232/2870/793
f 2238/2871/794 2230/2863/794 2246/2872/794
f 2232/2870/793 2230/2863/793 2245/2862/793
f 2239/2869/793 2230/2863/793 2238/2871/793
f 2243/2868/794 2230/2863/794 2235/2865/794
f 2242/2873/793 2230/2863/793 2234/2867/793
f 2233/2874/793 2230/2863/793 2242/2873/793
f 2244/2875/793 2230/2863/793 2233/2874/793
f 2236/2876/793 2230/2863/793 2244/2875/793
f 2240/2877/793 2230/2863/793 2236/2876/793
f 2231/2878/793 2230/2863/793 2240/2877/793
f 2246/2872/793 2230/2863/793 2231/2878/793
f 2263/2879/795 2260/2880/795 2248/2881/795
f 2262/2882/795 2254/2883/795 2248/2881/795
f 2256/2884/796 2258/2885/796 2248/2881/796
f 2260/2880/795 2259/2886/795 2248/2881/795
f 2254/2883/795 2253/2887/795 2248/2881/795
f 2261/2888/796 2257/2889/796 2248/2881/796
f 2253/2887/795 2263/2879/795 2248/2881/795
f 2259/2886/795 2261/2888/795 2248/2881/795
f 2258/2885/795 2262/2882/795 2248/2881/795
f 2255/2890/795 2256/2884/795 2248/2881/795
f 2252/2891/795 2255/2890/795 2248/2881/795
f 2251/2892/795 2252/2891/795 2248/2881/795
f 2247/2893/795 2251/2892/795 2248/2881/795
f 2249/2894/795 2247/2893/795 2248/2881/795
f 2250/2895/795 2249/2894/795 2248/2881/795
f 2257/2889/795 2250/2895/795 2248/2881/795
f 2234/2867/797 2256/2884/797 2255/2890/797 2242/2873/797
f 2235/2865/798 2262/2882/798 2258/2885/798 2243/2868/798
f 2231/2878/799 2250/2895/799 2257/2889/799 2246/2872/799
f 2246/2872/800 2257/2889/800 2261/2888/800 2238/2871/800
f 2243/2868/801 2258/2885/801 2256/2884/801 2234/2867/801
f 2233/2874/802 2252/2891/802 2251/2892/802 2244/2875/802
f 2244/2875/803 2251/2892/803 2247/2893/803 2236/2876/803
f 2239/2869/804 2259/2886/804 2260/2880/804 2237/2864/804
f 2236/2876/805 2247/2893/805 2249/2894/805 2240/2877/805
f 2237/2864/806 2260/2880/806 2263/2879/806 2245/2862/806
f 2238/2871/807 2261/2888/807 2259/2886/807 2239/2869/807
f 2240/2877/808 2249/2894/808 2250/2895/808 2231/2878/808
f 2241/2866/809 2254/2883/809 2262/2882/809 2235/2865/809
f 2232/2870/810 2253/2887/810 2254/2883/810 2241/2866/810
f 2245/2862/811 2263/2879/811 2253/2887/811 2232/2870/811
f 2242/2873/812 2255/2890/812 2252/2891/812 2233/2874/812
